transaction_id,date,store_id,store_location,product_id,product_category,quantity_sold,unit_price,total_sales,stock_level,reorder_point,lead_time_days,carrying_cost,stock_out_risk,inventory_turnover
TXN000033,2023-01-01,ST001,New York,P0058,Clothing,26,27.84,723.84,182,54,5,2.78,0.66,6.24
TXN000488,2023-01-02,ST004,Houston,P0078,Groceries,42,105.64,4436.88,155,46,6,10.56,0.65,4.81
TXN000858,2023-01-04,ST010,San Jose,P0008,Electronics,73,194.04,14164.92,129,38,4,19.4,0.41,3.19
TXN000253,2023-01-05,ST006,Philadelphia,P0021,Groceries,40,176.65,7066.0,243,72,5,17.67,0.48,3.97
TXN000538,2023-01-05,ST006,Philadelphia,P0025,Home Goods,53,63.68,3375.04,145,43,3,6.37,1.0,2.43
TXN000889,2023-01-05,ST009,Dallas,P0066,Home Goods,52,93.42,4857.84,226,67,4,9.34,0.69,3.97
TXN000765,2023-01-06,ST001,New York,P0001,Home Goods,51,81.12,4137.12,206,61,6,8.11,0.3,3.13
TXN000396,2023-01-06,ST008,San Diego,P0004,Sports,59,101.96,6015.64,176,52,1,10.2,0.57,4.14
TXN000245,2023-01-07,ST002,Los Angeles,P0056,Home Goods,35,14.84,519.4,178,53,7,1.48,0.34,5.4
TXN000315,2023-01-07,ST001,New York,P0045,Home Goods,45,191.94,8637.3,118,35,7,19.19,0.19,3.67
TXN000963,2023-01-08,ST005,Phoenix,P0058,Home Goods,27,135.63,3662.01,224,67,7,13.56,0.49,3.79
TXN000691,2023-01-08,ST002,Los Angeles,P0013,Sports,47,84.15,3955.05,228,68,5,8.42,0.29,3.28
TXN000830,2023-01-08,ST008,San Diego,P0007,Electronics,58,14.18,822.44,165,49,2,1.42,0.61,5.42
TXN000944,2023-01-08,ST010,San Jose,P0077,Home Goods,92,134.25,12351.0,184,55,3,13.43,0.88,4.13
TXN000061,2023-01-08,ST009,Dallas,P0023,Groceries,58,88.22,5116.76,154,46,5,8.82,0.97,5.07
TXN000215,2023-01-08,ST008,San Diego,P0012,Clothing,63,119.74,7543.62,166,49,7,11.97,0.4,4.54
TXN000803,2023-01-08,ST003,Chicago,P0091,Groceries,47,71.38,3354.86,102,30,4,7.14,0.66,4.83
TXN000848,2023-01-08,ST001,New York,P0077,Groceries,49,89.79,4399.71,112,33,3,8.98,0.73,2.95
TXN000994,2023-01-08,ST007,San Antonio,P0037,Sports,39,145.32,5667.48,232,69,2,14.53,0.26,4.3
TXN000524,2023-01-09,ST010,San Jose,P0097,Home Goods,62,83.71,5190.02,203,60,4,8.37,0.94,4.16
TXN000021,2023-01-09,ST005,Phoenix,P0037,Groceries,64,170.87,10935.68,146,43,4,17.09,0.89,5.07
TXN000953,2023-01-09,ST010,San Jose,P0004,Electronics,64,63.66,4074.24,248,74,4,6.37,0.73,4.91
TXN000853,2023-01-09,ST006,Philadelphia,P0045,Sports,23,16.76,385.48,161,48,5,1.68,0.02,3.47
TXN000078,2023-01-10,ST001,New York,P0068,Clothing,74,29.55,2186.7,198,59,0,2.96,0.46,4.68
TXN000773,2023-01-10,ST002,Los Angeles,P0036,Clothing,50,126.83,6341.5,236,70,3,12.68,0.77,3.96
TXN000459,2023-01-10,ST007,San Antonio,P0031,Clothing,27,63.82,1723.14,204,61,7,6.38,0.01,3.6
TXN000909,2023-01-10,ST006,Philadelphia,P0013,Home Goods,22,89.24,1963.28,114,34,4,8.92,0.52,6.11
TXN000535,2023-01-10,ST007,San Antonio,P0069,Clothing,35,45.02,1575.7,249,74,4,4.5,0.47,4.36
TXN000289,2023-01-10,ST003,Chicago,P0013,Sports,102,101.49,10351.98,126,37,3,10.15,0.03,4.24
TXN000299,2023-01-10,ST009,Dallas,P0081,Groceries,16,190.35,3045.6,185,55,3,19.04,0.56,4.33
TXN000903,2023-01-11,ST009,Dallas,P0089,Clothing,26,143.37,3727.62,269,80,6,14.34,0.51,4.89
TXN000522,2023-01-11,ST004,Houston,P0085,Electronics,54,199.15,10754.1,206,61,1,19.92,0.44,3.67
TXN000461,2023-01-13,ST002,Los Angeles,P0002,Sports,44,131.31,5777.64,184,55,4,13.13,0.14,3.84
TXN000969,2023-01-13,ST003,Chicago,P0048,Electronics,66,162.56,10728.96,98,29,2,16.26,0.99,3.59
TXN000878,2023-01-13,ST010,San Jose,P0060,Groceries,55,106.95,5882.25,179,53,0,10.7,0.12,2.97
TXN000261,2023-01-13,ST006,Philadelphia,P0060,Clothing,33,174.05,5743.65,231,69,1,17.41,0.15,3.24
TXN000886,2023-01-14,ST006,Philadelphia,P0072,Home Goods,46,86.37,3973.02,184,55,4,8.64,0.65,4.96
TXN000140,2023-01-14,ST007,San Antonio,P0042,Home Goods,49,56.97,2791.53,258,77,4,5.7,0.51,5.06
TXN000713,2023-01-14,ST002,Los Angeles,P0016,Electronics,18,97.42,1753.56,261,78,8,9.74,0.45,3.06
TXN000933,2023-01-14,ST005,Phoenix,P0064,Clothing,60,154.1,9246.0,145,43,2,15.41,1.0,4.87
TXN000352,2023-01-14,ST010,San Jose,P0084,Electronics,49,138.21,6772.29,167,50,2,13.82,0.94,5.48
TXN000999,2023-01-15,ST006,Philadelphia,P0017,Home Goods,24,175.28,4206.72,175,52,8,17.53,0.53,5.47
TXN000932,2023-01-15,ST009,Dallas,P0087,Sports,21,43.95,922.95,163,48,6,4.4,0.57,4.68
TXN000077,2023-01-15,ST003,Chicago,P0072,Clothing,49,150.88,7393.12,252,75,6,15.09,0.78,5.01
TXN000434,2023-01-16,ST009,Dallas,P0018,Home Goods,65,80.59,5238.35,208,62,5,8.06,0.32,6.36
TXN000816,2023-01-16,ST002,Los Angeles,P0014,Clothing,18,150.66,2711.88,189,56,6,15.07,0.59,3.47
TXN000613,2023-01-16,ST001,New York,P0080,Groceries,19,94.99,1804.81,236,70,4,9.5,0.26,4.38
TXN000104,2023-01-16,ST010,San Jose,P0026,Clothing,62,16.45,1019.9,206,61,2,1.65,0.92,5.05
TXN000602,2023-01-17,ST004,Houston,P0028,Sports,40,162.97,6518.8,229,68,4,16.3,0.95,4.77
TXN000794,2023-01-17,ST006,Philadelphia,P0026,Groceries,91,103.89,9453.99,227,68,3,10.39,0.94,5.45
TXN000983,2023-01-17,ST003,Chicago,P0074,Electronics,54,185.8,10033.2,133,39,6,18.58,0.76,2.77
TXN000332,2023-01-17,ST007,San Antonio,P0088,Clothing,42,180.18,7567.56,135,40,5,18.02,0.42,2.55
TXN000612,2023-01-17,ST001,New York,P0032,Sports,59,115.91,6838.69,319,95,5,11.59,0.17,3.69
TXN000838,2023-01-17,ST004,Houston,P0072,Groceries,72,166.1,11959.2,190,57,2,16.61,0.47,4.22
TXN000498,2023-01-17,ST005,Phoenix,P0045,Clothing,69,74.38,5132.22,167,50,6,7.44,0.05,4.24
TXN000514,2023-01-18,ST009,Dallas,P0039,Electronics,42,47.04,1975.68,231,69,8,4.7,0.06,4.03
TXN000322,2023-01-18,ST005,Phoenix,P0079,Home Goods,41,94.34,3867.94,242,72,3,9.43,0.49,4.0
TXN000965,2023-01-18,ST009,Dallas,P0043,Sports,39,107.04,4174.56,193,57,8,10.7,0.66,3.74
TXN000852,2023-01-18,ST007,San Antonio,P0097,Home Goods,53,138.65,7348.45,224,67,8,13.87,0.16,4.12
TXN000990,2023-01-18,ST003,Chicago,P0029,Home Goods,21,79.23,1663.83,269,80,6,7.92,0.92,5.54
TXN000873,2023-01-19,ST007,San Antonio,P0080,Clothing,54,37.33,2015.82,291,87,5,3.73,0.34,2.82
TXN000556,2023-01-20,ST007,San Antonio,P0066,Electronics,32,98.16,3141.12,157,47,5,9.82,0.11,4.72
TXN000902,2023-01-20,ST001,New York,P0054,Sports,57,132.63,7559.91,155,46,2,13.26,0.26,5.47
TXN000093,2023-01-20,ST003,Chicago,P0087,Home Goods,30,114.89,3446.7,287,86,1,11.49,0.95,3.46
TXN000689,2023-01-20,ST005,Phoenix,P0070,Electronics,50,20.4,1020.0,269,80,6,2.04,0.6,4.06
TXN000920,2023-01-21,ST010,San Jose,P0069,Clothing,41,77.48,3176.68,277,83,1,7.75,0.54,2.34
TXN000807,2023-01-21,ST002,Los Angeles,P0006,Clothing,40,73.93,2957.2,161,48,2,7.39,0.75,6.26
TXN000155,2023-01-21,ST002,Los Angeles,P0043,Sports,61,56.26,3431.86,214,64,4,5.63,0.1,4.55
TXN000604,2023-01-21,ST003,Chicago,P0002,Sports,55,181.61,9988.55,193,57,6,18.16,0.67,4.58
TXN000562,2023-01-21,ST010,San Jose,P0075,Groceries,23,14.11,324.53,147,44,5,1.41,0.88,3.39
TXN000250,2023-01-21,ST003,Chicago,P0085,Home Goods,50,75.98,3799.0,224,67,2,7.6,0.44,4.24
TXN000668,2023-01-22,ST009,Dallas,P0037,Electronics,64,90.31,5779.84,286,85,3,9.03,0.52,3.03
TXN000024,2023-01-22,ST001,New York,P0048,Home Goods,63,129.92,8184.96,188,56,5,12.99,0.58,5.45
TXN000407,2023-01-22,ST006,Philadelphia,P0093,Home Goods,31,33.2,1029.2,145,43,5,3.32,0.88,3.2
TXN000257,2023-01-22,ST007,San Antonio,P0080,Clothing,66,141.58,9344.28,247,74,4,14.16,0.36,3.25
TXN000879,2023-01-23,ST005,Phoenix,P0092,Groceries,35,149.47,5231.45,161,48,5,14.95,0.76,3.65
TXN000887,2023-01-24,ST004,Houston,P0036,Groceries,65,72.51,4713.15,133,39,2,7.25,0.34,3.33
TXN000801,2023-01-24,ST007,San Antonio,P0100,Sports,48,123.68,5936.64,145,43,4,12.37,0.9,3.54
TXN000923,2023-01-24,ST005,Phoenix,P0100,Sports,37,54.05,1999.85,167,50,5,5.41,0.01,5.38
TXN000280,2023-01-25,ST007,San Antonio,P0057,Clothing,55,37.92,2085.6,270,81,5,3.79,0.39,5.14
TXN000135,2023-01-25,ST002,Los Angeles,P0012,Home Goods,45,195.41,8793.45,221,66,2,19.54,0.79,3.47
TXN000605,2023-01-26,ST009,Dallas,P0002,Electronics,32,133.17,4261.44,197,59,5,13.32,0.61,3.88
TXN000499,2023-01-26,ST005,Phoenix,P0019,Clothing,22,192.69,4239.18,155,46,3,19.27,0.35,1.1
TXN000070,2023-01-26,ST002,Los Angeles,P0079,Groceries,63,45.54,2869.02,161,48,3,4.55,0.51,2.2
TXN000908,2023-01-26,ST007,San Antonio,P0050,Home Goods,55,14.13,777.15,121,36,0,1.41,0.58,4.46
TXN000125,2023-01-27,ST004,Houston,P0022,Groceries,22,70.94,1560.68,171,51,6,7.09,0.2,4.86
TXN000986,2023-01-27,ST002,Los Angeles,P0020,Electronics,51,121.07,6174.57,192,57,4,12.11,0.71,3.44
TXN000867,2023-01-27,ST003,Chicago,P0062,Home Goods,83,29.42,2441.86,208,62,5,2.94,0.99,5.14
TXN000861,2023-01-27,ST010,San Jose,P0063,Home Goods,62,89.68,5560.16,139,41,3,8.97,0.08,4.94
TXN000938,2023-01-27,ST008,San Diego,P0059,Sports,59,104.79,6182.61,130,39,4,10.48,0.07,4.27
TXN000936,2023-01-27,ST001,New York,P0031,Sports,42,44.11,1852.62,190,57,4,4.41,0.88,5.59
TXN000272,2023-01-28,ST006,Philadelphia,P0044,Sports,36,179.14,6449.04,231,69,3,17.91,0.06,2.59
TXN000891,2023-01-28,ST005,Phoenix,P0063,Groceries,30,184.25,5527.5,265,79,5,18.43,0.0,3.16
TXN000899,2023-01-28,ST006,Philadelphia,P0005,Sports,24,85.73,2057.52,221,66,6,8.57,0.77,3.35
TXN000687,2023-01-28,ST001,New York,P0005,Electronics,49,28.63,1402.87,205,61,3,2.86,0.11,4.04
TXN000610,2023-01-29,ST005,Phoenix,P0060,Groceries,43,106.17,4565.31,213,63,6,10.62,0.54,4.02
TXN000046,2023-01-29,ST010,San Jose,P0066,Sports,28,164.43,4604.04,129,38,3,16.44,0.08,5.36
TXN000340,2023-01-29,ST003,Chicago,P0083,Home Goods,73,75.92,5542.16,144,43,2,7.59,0.26,3.65
TXN000685,2023-01-29,ST003,Chicago,P0042,Sports,61,36.27,2212.47,115,34,8,3.63,0.6,1.87
TXN000583,2023-01-29,ST002,Los Angeles,P0009,Electronics,70,58.86,4120.2,241,72,7,5.89,0.15,2.57
TXN000350,2023-01-29,ST009,Dallas,P0068,Sports,44,144.41,6354.04,278,83,2,14.44,0.6,3.45
TXN000108,2023-01-29,ST007,San Antonio,P0046,Home Goods,42,101.18,4249.56,270,81,6,10.12,0.98,4.31
TXN000996,2023-01-31,ST003,Chicago,P0080,Sports,42,66.23,2781.66,225,67,4,6.62,0.81,4.23
TXN000825,2023-02-03,ST001,New York,P0063,Electronics,53,196.39,10408.67,212,63,3,19.64,0.11,5.37
TXN000868,2023-02-03,ST002,Los Angeles,P0052,Home Goods,41,59.33,2432.53,255,76,2,5.93,0.24,1.52
TXN000491,2023-02-03,ST003,Chicago,P0087,Sports,73,151.69,11073.37,75,22,6,15.17,0.92,4.89
TXN000686,2023-02-03,ST004,Houston,P0010,Electronics,56,114.6,6417.6,217,65,3,11.46,0.4,4.89
TXN000597,2023-02-03,ST002,Los Angeles,P0051,Clothing,45,15.36,691.2,153,45,4,1.54,0.63,4.96
TXN000475,2023-02-03,ST001,New York,P0013,Electronics,28,75.38,2110.64,134,40,0,7.54,0.88,4.94
TXN000010,2023-02-04,ST008,San Diego,P0086,Groceries,34,145.52,4947.68,196,58,5,14.55,0.77,5.54
TXN000788,2023-02-04,ST006,Philadelphia,P0099,Home Goods,46,84.55,3889.3,134,40,3,8.46,0.81,3.75
TXN000546,2023-02-04,ST009,Dallas,P0073,Groceries,62,141.12,8749.44,344,103,4,14.11,0.89,4.92
TXN000029,2023-02-05,ST010,San Jose,P0007,Electronics,58,143.37,8315.46,256,76,5,14.34,0.34,4.18
TXN000158,2023-02-05,ST010,San Jose,P0061,Clothing,37,164.99,6104.63,192,57,5,16.5,0.11,1.72
TXN000092,2023-02-05,ST005,Phoenix,P0019,Sports,70,183.02,12811.4,247,74,2,18.3,0.83,5.14
TXN000681,2023-02-06,ST002,Los Angeles,P0074,Home Goods,59,10.73,633.07,204,61,7,1.07,0.48,4.21
TXN000569,2023-02-06,ST004,Houston,P0084,Sports,51,169.67,8653.17,168,50,7,16.97,0.33,4.29
TXN000617,2023-02-06,ST004,Houston,P0082,Clothing,65,197.93,12865.45,264,79,6,19.79,0.05,2.81
TXN000800,2023-02-07,ST003,Chicago,P0007,Clothing,51,137.18,6996.18,248,74,4,13.72,0.04,4.26
TXN000377,2023-02-07,ST008,San Diego,P0028,Clothing,36,63.51,2286.36,247,74,6,6.35,0.62,5.04
TXN000874,2023-02-08,ST003,Chicago,P0004,Sports,45,135.07,6078.15,134,40,9,13.51,0.96,4.44
TXN000366,2023-02-08,ST010,San Jose,P0014,Home Goods,51,63.09,3217.59,208,62,5,6.31,0.49,3.78
TXN000241,2023-02-08,ST006,Philadelphia,P0073,Electronics,55,32.91,1810.05,231,69,2,3.29,0.01,4.11
TXN000066,2023-02-08,ST009,Dallas,P0028,Clothing,34,72.22,2455.48,167,50,8,7.22,0.79,4.88
TXN000292,2023-02-09,ST007,San Antonio,P0047,Clothing,71,166.4,11814.4,173,51,5,16.64,0.2,4.98
TXN000384,2023-02-09,ST003,Chicago,P0086,Groceries,25,12.05,301.25,151,45,5,1.21,0.1,4.51
TXN000342,2023-02-09,ST008,San Diego,P0059,Electronics,65,175.04,11377.6,214,64,6,17.5,0.56,4.86
TXN000837,2023-02-09,ST008,San Diego,P0021,Home Goods,74,127.69,9449.06,187,56,4,12.77,0.79,5.35
TXN000771,2023-02-10,ST004,Houston,P0077,Sports,44,128.08,5635.52,205,61,5,12.81,0.36,5.53
TXN000075,2023-02-11,ST004,Houston,P0089,Sports,68,93.44,6353.92,179,53,3,9.34,0.3,1.77
TXN000171,2023-02-11,ST005,Phoenix,P0012,Electronics,82,138.12,11325.84,234,70,8,13.81,0.14,4.26
TXN000525,2023-02-11,ST007,San Antonio,P0058,Groceries,79,50.88,4019.52,146,43,6,5.09,1.0,4.2
TXN000790,2023-02-12,ST003,Chicago,P0013,Groceries,69,126.76,8746.44,192,57,4,12.68,0.12,5.28
TXN000445,2023-02-12,ST009,Dallas,P0018,Sports,38,10.8,410.4,205,61,7,1.08,0.41,5.39
TXN000741,2023-02-12,ST003,Chicago,P0022,Sports,54,132.69,7165.26,273,81,3,13.27,0.72,4.53
TXN000038,2023-02-13,ST008,San Diego,P0074,Groceries,36,81.68,2940.48,165,49,5,8.17,0.34,3.57
TXN000845,2023-02-14,ST005,Phoenix,P0053,Clothing,43,168.17,7231.31,249,74,4,16.82,0.07,5.13
TXN000653,2023-02-14,ST003,Chicago,P0084,Clothing,38,187.47,7123.86,203,60,6,18.75,0.82,5.19
TXN000549,2023-02-14,ST002,Los Angeles,P0070,Clothing,37,169.91,6286.67,234,70,2,16.99,0.13,3.79
TXN000489,2023-02-14,ST006,Philadelphia,P0058,Groceries,39,194.23,7574.97,158,47,6,19.42,0.85,5.06
TXN000590,2023-02-15,ST005,Phoenix,P0100,Home Goods,29,95.44,2767.76,243,72,2,9.54,0.62,3.51
TXN000120,2023-02-15,ST007,San Antonio,P0066,Sports,59,32.01,1888.59,105,31,4,3.2,0.28,4.19
TXN000451,2023-02-15,ST003,Chicago,P0060,Sports,24,34.24,821.76,294,88,1,3.42,0.3,2.9
TXN000930,2023-02-16,ST005,Phoenix,P0013,Groceries,48,183.83,8823.84,294,88,0,18.38,0.2,3.36
TXN000318,2023-02-16,ST005,Phoenix,P0023,Home Goods,48,13.0,624.0,187,56,3,1.3,0.22,2.12
TXN000700,2023-02-17,ST006,Philadelphia,P0047,Home Goods,79,17.52,1384.08,256,76,8,1.75,0.7,2.89
TXN000472,2023-02-17,ST001,New York,P0099,Sports,58,30.03,1741.74,241,72,5,3.0,0.7,4.94
TXN000735,2023-02-17,ST001,New York,P0041,Electronics,51,170.07,8673.57,197,59,4,17.01,0.11,4.2
TXN000656,2023-02-18,ST010,San Jose,P0071,Electronics,46,52.14,2398.44,196,58,3,5.21,0.08,4.61
TXN000361,2023-02-18,ST010,San Jose,P0039,Home Goods,29,195.32,5664.28,149,44,6,19.53,0.16,5.5
TXN000770,2023-02-18,ST001,New York,P0087,Home Goods,62,23.72,1470.64,115,34,6,2.37,0.75,4.73
TXN000530,2023-02-18,ST007,San Antonio,P0087,Clothing,66,17.3,1141.8,263,78,5,1.73,0.42,3.96
TXN000907,2023-02-20,ST003,Chicago,P0023,Clothing,46,111.37,5123.02,209,62,7,11.14,0.37,4.03
TXN000300,2023-02-20,ST001,New York,P0065,Electronics,59,167.23,9866.57,190,57,7,16.72,0.46,5.0
TXN000959,2023-02-22,ST007,San Antonio,P0064,Groceries,41,196.0,8036.0,91,27,4,19.6,0.73,2.94
TXN000273,2023-02-22,ST006,Philadelphia,P0054,Clothing,61,12.79,780.19,174,52,1,1.28,0.02,2.87
TXN000678,2023-02-22,ST001,New York,P0073,Home Goods,38,74.46,2829.48,163,48,0,7.45,0.22,3.91
TXN000264,2023-02-22,ST002,Los Angeles,P0028,Home Goods,53,108.83,5767.99,268,80,5,10.88,0.27,3.49
TXN000942,2023-02-22,ST001,New York,P0090,Home Goods,57,40.9,2331.3,222,66,5,4.09,0.52,4.83
TXN000651,2023-02-23,ST006,Philadelphia,P0033,Groceries,41,27.99,1147.59,206,61,4,2.8,0.6,3.48
TXN000421,2023-02-23,ST007,San Antonio,P0096,Groceries,71,175.99,12495.29,75,22,3,17.6,0.31,5.01
TXN000744,2023-02-23,ST009,Dallas,P0083,Sports,77,71.83,5530.91,229,68,3,7.18,0.65,2.33
TXN000167,2023-02-24,ST010,San Jose,P0062,Electronics,38,136.33,5180.54,261,78,3,13.63,0.15,2.59
TXN000964,2023-02-24,ST002,Los Angeles,P0001,Groceries,27,146.41,3953.07,143,42,3,14.64,0.55,3.1
TXN000796,2023-02-24,ST001,New York,P0051,Groceries,48,18.49,887.52,280,84,2,1.85,0.81,2.98
TXN000385,2023-02-25,ST005,Phoenix,P0055,Sports,52,52.99,2755.48,158,47,5,5.3,0.7,4.27
TXN000677,2023-02-25,ST010,San Jose,P0032,Clothing,26,67.86,1764.36,272,81,4,6.79,0.85,2.6
TXN000694,2023-02-25,ST009,Dallas,P0075,Clothing,50,67.64,3382.0,159,47,2,6.76,0.58,3.6
TXN000640,2023-02-25,ST007,San Antonio,P0056,Electronics,55,136.32,7497.6,211,63,5,13.63,0.64,3.29
TXN000708,2023-02-26,ST001,New York,P0005,Groceries,26,168.82,4389.32,141,42,5,16.88,0.25,3.32
TXN000720,2023-02-26,ST001,New York,P0016,Electronics,55,63.71,3504.05,192,57,8,6.37,0.16,3.54
TXN000455,2023-02-27,ST009,Dallas,P0066,Electronics,49,64.27,3149.23,188,56,6,6.43,0.17,4.12
TXN000212,2023-02-28,ST008,San Diego,P0038,Home Goods,40,159.39,6375.6,197,59,3,15.94,0.16,3.2
TXN000003,2023-02-28,ST009,Dallas,P0049,Groceries,42,195.01,8190.42,194,58,4,19.5,0.62,3.84
TXN000779,2023-02-28,ST006,Philadelphia,P0085,Clothing,58,40.88,2371.04,280,84,3,4.09,0.81,4.39
TXN000840,2023-02-28,ST009,Dallas,P0053,Sports,55,35.19,1935.45,179,53,4,3.52,0.52,2.46
TXN000237,2023-02-28,ST008,San Diego,P0021,Groceries,66,103.77,6848.82,201,60,4,10.38,0.39,3.35
TXN000746,2023-02-28,ST006,Philadelphia,P0069,Groceries,55,90.6,4983.0,140,42,1,9.06,0.83,3.65
TXN000338,2023-03-01,ST008,San Diego,P0059,Home Goods,63,144.67,9114.21,263,78,4,14.47,0.01,6.11
TXN000952,2023-03-01,ST008,San Diego,P0060,Sports,64,67.93,4347.52,225,67,3,6.79,0.45,5.98
TXN000739,2023-03-02,ST003,Chicago,P0027,Clothing,38,118.96,4520.48,230,69,5,11.9,0.94,3.64
TXN000203,2023-03-02,ST009,Dallas,P0090,Sports,60,121.43,7285.8,283,84,5,12.14,0.78,4.2
TXN000854,2023-03-02,ST010,San Jose,P0076,Home Goods,48,188.33,9039.84,144,43,5,18.83,0.17,4.14
TXN000905,2023-03-02,ST005,Phoenix,P0079,Home Goods,62,116.25,7207.5,222,66,0,11.62,0.16,4.79
TXN000661,2023-03-02,ST001,New York,P0057,Sports,49,26.36,1291.64,112,33,5,2.64,0.14,6.92
TXN000013,2023-03-03,ST002,Los Angeles,P0042,Sports,63,162.7,10250.1,216,64,7,16.27,0.9,4.18
TXN000042,2023-03-03,ST009,Dallas,P0030,Electronics,13,66.55,865.15,196,58,5,6.66,0.68,3.88
TXN000179,2023-03-03,ST006,Philadelphia,P0005,Clothing,44,59.36,2611.84,199,59,3,5.94,0.54,4.39
TXN000536,2023-03-04,ST008,San Diego,P0038,Groceries,57,31.27,1782.39,112,33,7,3.13,0.79,5.97
TXN000527,2023-03-04,ST005,Phoenix,P0018,Groceries,30,122.68,3680.4,243,72,2,12.27,0.24,3.97
TXN000561,2023-03-05,ST010,San Jose,P0048,Groceries,62,74.78,4636.36,132,39,5,7.48,0.02,3.84
TXN000865,2023-03-06,ST005,Phoenix,P0065,Electronics,35,145.69,5099.15,290,87,4,14.57,0.45,4.03
TXN000487,2023-03-06,ST010,San Jose,P0080,Home Goods,50,12.73,636.5,262,78,5,1.27,0.88,6.49
TXN000314,2023-03-06,ST002,Los Angeles,P0029,Home Goods,47,126.33,5937.51,149,44,2,12.63,0.05,5.43
TXN000957,2023-03-06,ST001,New York,P0037,Clothing,37,113.46,4198.02,175,52,3,11.35,0.7,4.06
TXN000553,2023-03-07,ST009,Dallas,P0077,Home Goods,68,155.59,10580.12,146,43,6,15.56,0.29,3.41
TXN000435,2023-03-07,ST007,San Antonio,P0004,Groceries,66,158.86,10484.76,221,66,5,15.89,0.12,3.9
TXN000572,2023-03-08,ST009,Dallas,P0054,Sports,25,157.61,3940.25,247,74,5,15.76,0.81,3.45
TXN000023,2023-03-09,ST009,Dallas,P0100,Electronics,38,151.83,5769.54,143,42,6,15.18,0.66,4.41
TXN000503,2023-03-09,ST004,Houston,P0063,Groceries,36,180.61,6501.96,70,21,8,18.06,0.25,4.22
TXN000478,2023-03-10,ST001,New York,P0089,Sports,46,20.4,938.4,230,69,4,2.04,0.22,2.65
TXN000781,2023-03-11,ST009,Dallas,P0061,Clothing,45,25.38,1142.1,201,60,6,2.54,0.87,4.12
TXN000537,2023-03-12,ST004,Houston,P0010,Electronics,66,186.11,12283.26,121,36,5,18.61,0.45,4.56
TXN000672,2023-03-12,ST009,Dallas,P0050,Clothing,45,87.66,3944.7,131,39,8,8.77,0.52,2.43
TXN000359,2023-03-12,ST003,Chicago,P0011,Clothing,40,99.13,3965.2,164,49,4,9.91,0.17,3.72
TXN000839,2023-03-13,ST005,Phoenix,P0033,Home Goods,82,167.71,13752.22,176,52,2,16.77,0.32,4.22
TXN000984,2023-03-13,ST004,Houston,P0039,Groceries,39,43.37,1691.43,258,77,7,4.34,0.46,3.64
TXN000101,2023-03-14,ST010,San Jose,P0066,Sports,52,104.14,5415.28,183,54,3,10.41,0.25,5.81
TXN000063,2023-03-14,ST010,San Jose,P0045,Groceries,49,140.68,6893.32,154,46,2,14.07,0.38,4.04
TXN000723,2023-03-14,ST003,Chicago,P0015,Home Goods,73,88.08,6429.84,228,68,7,8.81,0.71,4.94
TXN000164,2023-03-14,ST005,Phoenix,P0097,Home Goods,33,77.45,2555.85,164,49,5,7.75,0.07,3.23
TXN000334,2023-03-14,ST009,Dallas,P0054,Home Goods,68,166.06,11292.08,206,61,4,16.61,0.33,5.22
TXN000380,2023-03-14,ST003,Chicago,P0024,Clothing,62,119.8,7427.6,240,72,3,11.98,0.4,5.75
TXN000317,2023-03-14,ST004,Houston,P0093,Groceries,53,137.43,7283.79,123,36,3,13.74,0.65,4.65
TXN000548,2023-03-15,ST007,San Antonio,P0018,Clothing,83,159.4,13230.2,217,65,4,15.94,0.5,5.04
TXN000495,2023-03-15,ST010,San Jose,P0097,Groceries,37,26.54,981.98,267,80,5,2.65,0.21,2.59
TXN000045,2023-03-15,ST002,Los Angeles,P0076,Electronics,51,169.31,8634.81,204,61,2,16.93,0.4,3.62
TXN000576,2023-03-16,ST005,Phoenix,P0099,Sports,34,77.36,2630.24,147,44,1,7.74,0.92,4.41
TXN000812,2023-03-16,ST010,San Jose,P0087,Clothing,73,140.32,10243.36,171,51,3,14.03,0.61,4.68
TXN000621,2023-03-16,ST007,San Antonio,P0078,Home Goods,39,168.85,6585.15,220,66,4,16.89,0.25,3.17
TXN000096,2023-03-16,ST002,Los Angeles,P0087,Sports,51,164.86,8407.86,265,79,3,16.49,0.41,4.0
TXN000302,2023-03-17,ST001,New York,P0063,Electronics,39,114.37,4460.43,293,87,4,11.44,0.51,2.03
TXN000500,2023-03-17,ST010,San Jose,P0019,Electronics,41,92.4,3788.4,253,75,4,9.24,0.79,5.0
TXN000152,2023-03-17,ST005,Phoenix,P0015,Electronics,67,82.28,5512.76,301,90,9,8.23,0.55,5.11
TXN000882,2023-03-18,ST005,Phoenix,P0001,Sports,54,182.45,9852.3,115,34,4,18.25,0.04,5.21
TXN000469,2023-03-19,ST003,Chicago,P0075,Sports,37,139.7,5168.9,194,58,4,13.97,0.78,4.69
TXN000505,2023-03-19,ST008,San Diego,P0066,Home Goods,22,133.21,2930.62,243,72,4,13.32,0.82,3.23
TXN000213,2023-03-20,ST004,Houston,P0086,Sports,45,197.15,8871.75,121,36,4,19.72,0.91,3.26
TXN000346,2023-03-20,ST005,Phoenix,P0096,Groceries,41,136.7,5604.7,203,60,6,13.67,0.89,3.7
TXN000531,2023-03-21,ST002,Los Angeles,P0055,Electronics,76,94.28,7165.28,214,64,4,9.43,0.48,4.32
TXN000740,2023-03-21,ST005,Phoenix,P0061,Sports,56,189.37,10604.72,304,91,8,18.94,0.49,3.14
TXN000981,2023-03-21,ST006,Philadelphia,P0019,Clothing,65,11.78,765.7,129,38,2,1.18,0.69,4.89
TXN000641,2023-03-21,ST007,San Antonio,P0068,Home Goods,46,142.59,6559.14,251,75,5,14.26,0.45,3.47
TXN000103,2023-03-22,ST008,San Diego,P0083,Sports,69,171.35,11823.15,253,75,4,17.14,0.22,2.34
TXN000210,2023-03-22,ST004,Houston,P0071,Electronics,65,160.42,10427.3,85,25,9,16.04,0.23,4.94
TXN000105,2023-03-23,ST002,Los Angeles,P0059,Sports,70,132.46,9272.2,64,19,2,13.25,0.56,5.41
TXN000151,2023-03-23,ST006,Philadelphia,P0004,Groceries,44,175.09,7703.96,237,71,2,17.51,0.65,3.1
TXN000545,2023-03-23,ST002,Los Angeles,P0039,Electronics,53,146.42,7760.26,251,75,3,14.64,0.46,3.76
TXN000467,2023-03-24,ST002,Los Angeles,P0092,Home Goods,44,173.15,7618.6,235,70,5,17.32,0.15,4.55
TXN000844,2023-03-24,ST007,San Antonio,P0006,Groceries,63,143.78,9058.14,234,70,2,14.38,0.86,6.2
TXN000702,2023-03-25,ST001,New York,P0014,Sports,47,177.62,8348.14,180,54,5,17.76,0.97,3.24
TXN000775,2023-03-25,ST010,San Jose,P0080,Home Goods,41,16.37,671.17,214,64,8,1.64,0.8,4.56
TXN000958,2023-03-25,ST001,New York,P0061,Groceries,76,110.59,8404.84,187,56,1,11.06,0.61,3.05
TXN000929,2023-03-25,ST009,Dallas,P0003,Groceries,48,149.55,7178.4,238,71,4,14.96,0.1,3.98
TXN000226,2023-03-25,ST003,Chicago,P0019,Groceries,49,15.16,742.84,184,55,6,1.52,0.84,4.88
TXN000554,2023-03-25,ST010,San Jose,P0012,Sports,52,110.98,5770.96,153,45,0,11.1,0.43,3.08
TXN000817,2023-03-26,ST002,Los Angeles,P0023,Sports,54,63.83,3446.82,159,47,6,6.38,0.61,3.29
TXN000828,2023-03-27,ST005,Phoenix,P0062,Home Goods,57,138.69,7905.33,160,48,4,13.87,0.33,3.64
TXN000811,2023-03-27,ST008,San Diego,P0068,Sports,81,58.85,4766.85,241,72,0,5.89,0.45,3.76
TXN000645,2023-03-27,ST007,San Antonio,P0037,Clothing,47,152.53,7168.91,159,47,4,15.25,0.33,2.2
TXN000900,2023-03-27,ST004,Houston,P0098,Clothing,54,172.1,9293.4,252,75,5,17.21,0.45,2.27
TXN000991,2023-03-27,ST004,Houston,P0013,Electronics,43,166.44,7156.92,267,80,7,16.64,0.82,4.65
TXN000418,2023-03-28,ST006,Philadelphia,P0012,Electronics,20,35.57,711.4,235,70,5,3.56,0.1,4.65
TXN000184,2023-03-28,ST003,Chicago,P0069,Home Goods,46,26.11,1201.06,204,61,4,2.61,0.07,4.18
TXN000471,2023-03-28,ST001,New York,P0091,Home Goods,55,114.29,6285.95,183,54,6,11.43,0.51,3.15
TXN000754,2023-03-28,ST002,Los Angeles,P0052,Clothing,35,176.77,6186.95,242,72,5,17.68,0.17,4.8
TXN000757,2023-03-28,ST005,Phoenix,P0045,Clothing,18,114.36,2058.48,192,57,6,11.44,0.32,4.7
TXN000894,2023-03-28,ST009,Dallas,P0072,Electronics,19,40.04,760.76,215,64,6,4.0,0.87,1.8
TXN000540,2023-03-28,ST007,San Antonio,P0087,Groceries,57,188.15,10724.55,261,78,6,18.82,0.61,5.82
TXN000287,2023-03-29,ST001,New York,P0059,Home Goods,58,124.58,7225.64,220,66,5,12.46,0.38,4.55
TXN000901,2023-03-30,ST010,San Jose,P0053,Electronics,64,149.89,9592.96,286,85,3,14.99,0.12,4.12
TXN000596,2023-03-30,ST007,San Antonio,P0048,Clothing,36,157.82,5681.52,305,91,3,15.78,0.41,3.53
TXN000976,2023-03-31,ST002,Los Angeles,P0096,Groceries,41,135.37,5550.17,183,54,7,13.54,0.21,3.26
TXN000693,2023-03-31,ST006,Philadelphia,P0078,Home Goods,20,141.07,2821.4,140,42,3,14.11,0.51,4.23
TXN000570,2023-03-31,ST009,Dallas,P0091,Sports,25,169.3,4232.5,179,53,6,16.93,0.89,5.13
TXN000196,2023-03-31,ST009,Dallas,P0036,Clothing,54,12.1,653.4,215,64,6,1.21,0.68,4.8
TXN000519,2023-03-31,ST003,Chicago,P0029,Groceries,35,152.84,5349.4,201,60,5,15.28,0.53,4.4
TXN000454,2023-03-31,ST009,Dallas,P0031,Sports,33,93.7,3092.1,201,60,6,9.37,0.06,3.74
TXN000071,2023-03-31,ST001,New York,P0012,Electronics,46,106.16,4883.36,206,61,4,10.62,0.59,4.48
TXN000285,2023-03-31,ST008,San Diego,P0064,Groceries,27,97.2,2624.4,206,61,3,9.72,0.7,5.32
TXN000039,2023-03-31,ST010,San Jose,P0008,Sports,31,104.25,3231.75,158,47,2,10.43,0.94,5.33
TXN000974,2023-04-01,ST010,San Jose,P0045,Home Goods,22,119.77,2634.94,268,80,8,11.98,0.65,4.16
TXN000032,2023-04-02,ST001,New York,P0063,Groceries,37,45.02,1665.74,242,72,4,4.5,0.69,3.21
TXN000859,2023-04-02,ST005,Phoenix,P0057,Clothing,65,121.31,7885.15,195,58,7,12.13,0.66,4.59
TXN000813,2023-04-03,ST010,San Jose,P0015,Clothing,47,157.76,7414.72,222,66,5,15.78,0.45,4.3
TXN000666,2023-04-04,ST003,Chicago,P0063,Electronics,61,15.53,947.33,189,56,5,1.55,0.45,4.2
TXN000319,2023-04-04,ST001,New York,P0075,Clothing,57,187.21,10670.97,223,66,2,18.72,0.62,4.21
TXN000073,2023-04-04,ST008,San Diego,P0038,Groceries,41,187.26,7677.66,275,82,6,18.73,0.72,3.81
TXN000623,2023-04-05,ST001,New York,P0081,Groceries,96,116.7,11203.2,268,80,4,11.67,0.32,3.51
TXN000766,2023-04-05,ST003,Chicago,P0082,Clothing,45,137.35,6180.75,232,69,5,13.73,0.34,2.83
TXN000821,2023-04-05,ST005,Phoenix,P0019,Clothing,53,27.34,1449.02,206,61,8,2.73,0.2,5.21
TXN000041,2023-04-06,ST004,Houston,P0082,Electronics,58,173.1,10039.8,189,56,8,17.31,0.75,3.56
TXN000371,2023-04-06,ST002,Los Angeles,P0017,Sports,71,100.38,7126.98,156,46,7,10.04,0.05,4.75
TXN000138,2023-04-06,ST002,Los Angeles,P0049,Groceries,43,85.15,3661.45,203,60,8,8.52,0.79,5.64
TXN000919,2023-04-07,ST004,Houston,P0010,Home Goods,48,160.73,7715.04,271,81,6,16.07,0.53,3.83
TXN000177,2023-04-07,ST003,Chicago,P0007,Home Goods,52,164.65,8561.8,200,60,1,16.46,0.62,4.91
TXN000585,2023-04-08,ST004,Houston,P0037,Home Goods,44,195.71,8611.24,215,64,3,19.57,0.27,3.7
TXN000018,2023-04-08,ST001,New York,P0038,Sports,58,27.16,1575.28,309,92,4,2.72,0.19,4.92
TXN000870,2023-04-08,ST005,Phoenix,P0004,Sports,56,121.83,6822.48,189,56,8,12.18,0.77,2.94
TXN000311,2023-04-08,ST007,San Antonio,P0003,Clothing,23,64.62,1486.26,193,57,5,6.46,0.6,4.07
TXN000243,2023-04-09,ST006,Philadelphia,P0018,Home Goods,51,173.73,8860.23,159,47,2,17.37,0.38,4.46
TXN000543,2023-04-09,ST002,Los Angeles,P0017,Groceries,49,107.63,5273.87,191,57,3,10.76,0.71,5.1
TXN000857,2023-04-09,ST009,Dallas,P0021,Clothing,67,95.94,6427.98,192,57,2,9.59,0.43,3.74
TXN000113,2023-04-09,ST007,San Antonio,P0049,Electronics,59,59.44,3506.96,322,96,1,5.94,1.0,7.17
TXN000450,2023-04-09,ST001,New York,P0037,Clothing,46,114.23,5254.58,146,43,6,11.42,1.0,1.51
TXN000391,2023-04-10,ST003,Chicago,P0081,Groceries,56,18.89,1057.84,208,62,3,1.89,0.9,2.14
TXN000271,2023-04-10,ST006,Philadelphia,P0056,Electronics,64,66.11,4231.04,280,84,5,6.61,0.74,3.1
TXN000647,2023-04-10,ST005,Phoenix,P0093,Electronics,47,172.75,8119.25,178,53,2,17.28,0.42,3.56
TXN000876,2023-04-11,ST006,Philadelphia,P0094,Groceries,40,136.18,5447.2,244,73,6,13.62,0.85,3.82
TXN000415,2023-04-11,ST002,Los Angeles,P0029,Home Goods,74,105.05,7773.7,297,89,1,10.51,0.92,5.06
TXN000783,2023-04-11,ST005,Phoenix,P0035,Clothing,50,108.46,5423.0,201,60,4,10.85,0.88,3.95
TXN000197,2023-04-11,ST003,Chicago,P0095,Groceries,45,132.24,5950.8,152,45,3,13.22,0.14,4.67
TXN000102,2023-04-12,ST003,Chicago,P0044,Groceries,23,27.4,630.2,257,77,4,2.74,0.19,4.62
TXN000707,2023-04-12,ST001,New York,P0022,Groceries,34,144.09,4899.06,86,25,3,14.41,0.66,4.67
TXN000906,2023-04-12,ST005,Phoenix,P0087,Electronics,48,135.29,6493.92,238,71,6,13.53,0.6,5.34
TXN000281,2023-04-12,ST001,New York,P0049,Home Goods,46,179.13,8239.98,108,32,4,17.91,0.15,4.15
TXN000573,2023-04-13,ST006,Philadelphia,P0037,Home Goods,48,13.64,654.72,211,63,4,1.36,0.95,3.93
TXN000598,2023-04-13,ST003,Chicago,P0067,Clothing,57,10.92,622.44,198,59,3,1.09,0.51,3.81
TXN000715,2023-04-13,ST001,New York,P0090,Electronics,67,92.23,6179.41,163,48,9,9.22,0.02,3.77
TXN000563,2023-04-13,ST003,Chicago,P0035,Home Goods,61,121.79,7429.19,240,72,4,12.18,0.06,3.88
TXN000607,2023-04-14,ST005,Phoenix,P0084,Sports,41,113.91,4670.31,219,65,3,11.39,0.42,4.1
TXN000279,2023-04-14,ST010,San Jose,P0004,Clothing,50,192.93,9646.5,211,63,4,19.29,0.23,3.35
TXN000022,2023-04-14,ST004,Houston,P0075,Electronics,54,10.96,591.84,164,49,5,1.1,0.69,2.78
TXN000864,2023-04-15,ST001,New York,P0017,Clothing,52,68.84,3579.68,270,81,5,6.88,0.6,3.34
TXN000696,2023-04-15,ST008,San Diego,P0028,Sports,67,10.93,732.31,205,61,4,1.09,0.66,5.23
TXN000480,2023-04-15,ST001,New York,P0028,Clothing,54,30.53,1648.62,208,62,6,3.05,0.27,3.19
TXN000866,2023-04-15,ST006,Philadelphia,P0015,Groceries,31,80.23,2487.13,197,59,3,8.02,0.57,2.19
TXN000182,2023-04-15,ST010,San Jose,P0013,Electronics,54,189.14,10213.56,163,48,5,18.91,0.25,3.83
TXN000951,2023-04-15,ST004,Houston,P0013,Home Goods,33,38.67,1276.11,209,62,5,3.87,0.28,4.21
TXN000397,2023-04-16,ST008,San Diego,P0063,Groceries,48,148.39,7122.72,220,66,7,14.84,0.81,2.82
TXN000616,2023-04-16,ST008,San Diego,P0059,Sports,52,54.53,2835.56,112,33,8,5.45,0.32,4.56
TXN000884,2023-04-16,ST003,Chicago,P0047,Sports,43,136.95,5888.85,211,63,5,13.7,0.44,3.28
TXN000386,2023-04-18,ST003,Chicago,P0030,Groceries,23,188.28,4330.44,229,68,1,18.83,0.05,3.14
TXN000222,2023-04-18,ST006,Philadelphia,P0017,Sports,56,130.49,7307.44,198,59,5,13.05,0.33,3.21
TXN000324,2023-04-19,ST002,Los Angeles,P0071,Groceries,46,163.11,7503.06,263,78,8,16.31,0.25,2.01
TXN000238,2023-04-19,ST003,Chicago,P0076,Sports,26,166.52,4329.52,244,73,5,16.65,0.69,3.39
TXN000644,2023-04-19,ST009,Dallas,P0077,Sports,53,110.71,5867.63,245,73,9,11.07,0.56,3.31
TXN000579,2023-04-19,ST003,Chicago,P0022,Groceries,42,134.61,5653.62,253,75,8,13.46,0.68,4.42
TXN000926,2023-04-20,ST007,San Antonio,P0036,Groceries,79,160.46,12676.34,200,60,6,16.05,0.94,4.17
TXN000762,2023-04-20,ST004,Houston,P0086,Clothing,38,146.92,5582.96,216,64,6,14.69,0.92,4.0
TXN000067,2023-04-21,ST002,Los Angeles,P0100,Clothing,43,34.24,1472.32,279,83,3,3.42,0.65,2.62
TXN000370,2023-04-21,ST007,San Antonio,P0046,Groceries,48,98.6,4732.8,244,73,3,9.86,0.49,4.46
TXN000424,2023-04-21,ST006,Philadelphia,P0092,Home Goods,65,47.29,3073.85,217,65,4,4.73,0.59,3.02
TXN000194,2023-04-21,ST007,San Antonio,P0025,Sports,53,164.23,8704.19,139,41,6,16.42,0.28,4.34
TXN000081,2023-04-21,ST010,San Jose,P0013,Clothing,59,29.42,1735.78,278,83,3,2.94,0.07,5.3
TXN000885,2023-04-21,ST008,San Diego,P0066,Home Goods,31,155.22,4811.82,197,59,0,15.52,0.15,3.9
TXN000726,2023-04-21,ST010,San Jose,P0025,Groceries,45,58.41,2628.45,186,55,6,5.84,0.81,4.8
TXN000362,2023-04-22,ST006,Philadelphia,P0010,Groceries,51,93.93,4790.43,194,58,4,9.39,0.72,4.19
TXN000927,2023-04-22,ST003,Chicago,P0051,Groceries,42,56.92,2390.64,104,31,6,5.69,0.53,5.21
TXN000293,2023-04-22,ST008,San Diego,P0041,Groceries,44,23.52,1034.88,222,66,0,2.35,0.81,4.2
TXN000578,2023-04-22,ST001,New York,P0060,Groceries,42,119.17,5005.14,251,75,9,11.92,0.11,6.67
TXN000307,2023-04-23,ST002,Los Angeles,P0080,Home Goods,49,46.37,2272.13,188,56,6,4.64,0.43,3.86
TXN000493,2023-04-25,ST001,New York,P0097,Clothing,38,132.13,5020.94,148,44,8,13.21,0.36,4.83
TXN000591,2023-04-25,ST002,Los Angeles,P0057,Electronics,71,37.34,2651.14,174,52,2,3.73,0.52,6.27
TXN000117,2023-04-25,ST008,San Diego,P0045,Sports,42,138.82,5830.44,252,75,1,13.88,0.88,4.46
TXN000178,2023-04-26,ST006,Philadelphia,P0050,Sports,75,77.3,5797.5,147,44,1,7.73,0.18,6.7
TXN000528,2023-04-26,ST010,San Jose,P0080,Home Goods,46,41.92,1928.32,105,31,2,4.19,0.06,2.32
TXN000372,2023-04-26,ST001,New York,P0040,Groceries,44,156.98,6907.12,301,90,5,15.7,0.28,3.09
TXN000748,2023-04-26,ST010,San Jose,P0028,Sports,16,29.12,465.92,174,52,7,2.91,0.67,2.74
TXN000382,2023-04-26,ST009,Dallas,P0084,Electronics,55,110.98,6103.9,171,51,4,11.1,0.3,2.15
TXN000154,2023-04-27,ST002,Los Angeles,P0070,Home Goods,51,56.75,2894.25,140,42,0,5.68,0.55,3.47
TXN000174,2023-04-27,ST006,Philadelphia,P0025,Sports,49,106.16,5201.84,147,44,4,10.62,0.78,3.93
TXN000086,2023-04-28,ST009,Dallas,P0049,Home Goods,51,45.05,2297.55,256,76,2,4.5,0.4,2.88
TXN000924,2023-04-28,ST001,New York,P0073,Electronics,58,97.3,5643.4,150,45,4,9.73,0.55,5.27
TXN000627,2023-04-28,ST008,San Diego,P0008,Clothing,46,76.63,3524.98,151,45,6,7.66,0.15,4.6
TXN000916,2023-05-01,ST001,New York,P0070,Sports,53,110.28,5844.84,204,61,0,11.03,0.33,6.12
TXN000756,2023-05-02,ST009,Dallas,P0069,Clothing,48,72.12,3461.76,230,69,6,7.21,0.84,4.17
TXN000998,2023-05-02,ST003,Chicago,P0076,Sports,47,170.54,8015.38,237,71,3,17.05,0.94,6.19
TXN000751,2023-05-02,ST005,Phoenix,P0026,Electronics,60,175.55,10533.0,124,37,2,17.56,0.26,3.52
TXN000931,2023-05-04,ST009,Dallas,P0091,Home Goods,59,51.1,3014.9,218,65,6,5.11,0.36,4.72
TXN000248,2023-05-04,ST005,Phoenix,P0037,Clothing,60,124.56,7473.6,183,54,1,12.46,0.34,2.51
TXN000808,2023-05-05,ST002,Los Angeles,P0084,Sports,70,77.16,5401.2,205,61,2,7.72,0.11,4.72
TXN000017,2023-05-06,ST005,Phoenix,P0096,Electronics,49,197.27,9666.23,141,42,6,19.73,0.76,2.85
TXN000925,2023-05-06,ST010,San Jose,P0028,Electronics,57,112.18,6394.26,176,52,5,11.22,0.41,2.79
TXN000468,2023-05-06,ST008,San Diego,P0018,Sports,50,132.69,6634.5,95,28,2,13.27,0.31,4.03
TXN000743,2023-05-06,ST002,Los Angeles,P0072,Groceries,35,24.95,873.25,212,63,0,2.5,0.59,4.68
TXN000239,2023-05-07,ST002,Los Angeles,P0068,Electronics,39,123.3,4808.7,213,63,6,12.33,0.4,4.11
TXN000799,2023-05-07,ST006,Philadelphia,P0033,Groceries,79,49.81,3934.99,241,72,6,4.98,0.35,5.11
TXN000993,2023-05-07,ST006,Philadelphia,P0021,Clothing,36,171.32,6167.52,177,53,6,17.13,0.81,4.04
TXN000309,2023-05-08,ST007,San Antonio,P0079,Groceries,43,62.79,2699.97,213,63,3,6.28,0.98,2.33
TXN000560,2023-05-08,ST010,San Jose,P0027,Clothing,63,35.37,2228.31,193,57,7,3.54,0.97,3.59
TXN000544,2023-05-09,ST005,Phoenix,P0049,Sports,41,45.23,1854.43,179,53,5,4.52,0.84,2.66
TXN000344,2023-05-09,ST003,Chicago,P0094,Sports,69,97.99,6761.31,205,61,6,9.8,0.82,2.71
TXN000619,2023-05-10,ST002,Los Angeles,P0026,Home Goods,72,142.88,10287.36,265,79,0,14.29,0.98,6.35
TXN000587,2023-05-10,ST003,Chicago,P0055,Electronics,53,186.47,9882.91,150,45,7,18.65,0.45,3.99
TXN000494,2023-05-10,ST001,New York,P0064,Groceries,54,88.49,4778.46,82,24,4,8.85,0.07,2.69
TXN000709,2023-05-10,ST009,Dallas,P0041,Clothing,61,68.85,4199.85,157,47,5,6.88,0.4,4.77
TXN000464,2023-05-10,ST007,San Antonio,P0081,Sports,48,130.08,6243.84,224,67,3,13.01,0.15,5.38
TXN000490,2023-05-10,ST009,Dallas,P0069,Sports,44,196.44,8643.36,213,63,7,19.64,0.34,3.43
TXN000975,2023-05-10,ST006,Philadelphia,P0021,Home Goods,18,106.58,1918.44,204,61,5,10.66,0.45,5.3
TXN000806,2023-05-10,ST004,Houston,P0002,Groceries,47,130.97,6155.59,260,78,6,13.1,0.77,2.91
TXN000737,2023-05-11,ST001,New York,P0076,Home Goods,47,86.45,4063.15,291,87,4,8.65,0.77,2.84
TXN000652,2023-05-11,ST006,Philadelphia,P0089,Sports,61,196.56,11990.16,146,43,6,19.66,0.95,4.35
TXN000004,2023-05-11,ST007,San Antonio,P0064,Electronics,56,95.59,5353.04,241,72,0,9.56,0.02,5.12
TXN000820,2023-05-12,ST009,Dallas,P0059,Groceries,41,145.28,5956.48,225,67,2,14.53,0.78,2.33
TXN000278,2023-05-12,ST008,San Diego,P0045,Groceries,54,188.1,10157.4,228,68,3,18.81,0.06,6.41
TXN000381,2023-05-12,ST002,Los Angeles,P0084,Home Goods,67,61.61,4127.87,144,43,3,6.16,0.34,3.51
TXN000673,2023-05-13,ST007,San Antonio,P0038,Clothing,59,93.95,5543.05,113,33,7,9.4,0.89,3.22
TXN000594,2023-05-14,ST001,New York,P0038,Clothing,46,146.55,6741.3,269,80,4,14.66,0.19,6.64
TXN000313,2023-05-14,ST005,Phoenix,P0034,Groceries,62,144.26,8944.12,142,42,1,14.43,0.27,4.93
TXN000328,2023-05-14,ST001,New York,P0085,Clothing,39,112.86,4401.54,248,74,3,11.29,0.73,2.22
TXN000679,2023-05-14,ST010,San Jose,P0043,Electronics,48,53.84,2584.32,157,47,6,5.38,0.08,3.25
TXN000822,2023-05-14,ST003,Chicago,P0055,Home Goods,43,10.34,444.62,236,70,3,1.03,0.99,2.84
TXN000793,2023-05-15,ST007,San Antonio,P0008,Groceries,84,134.22,11274.48,293,87,8,13.42,0.04,2.79
TXN000624,2023-05-15,ST007,San Antonio,P0029,Electronics,46,55.8,2566.8,155,46,4,5.58,0.09,3.63
TXN000850,2023-05-15,ST001,New York,P0080,Clothing,54,148.83,8036.82,239,71,3,14.88,0.84,4.63
TXN000009,2023-05-15,ST005,Phoenix,P0041,Home Goods,47,28.13,1322.11,258,77,7,2.81,0.67,2.88
TXN000917,2023-05-16,ST008,San Diego,P0062,Home Goods,25,85.57,2139.25,216,64,6,8.56,0.96,3.81
TXN000339,2023-05-16,ST002,Los Angeles,P0061,Electronics,71,109.0,7739.0,89,26,7,10.9,0.76,2.87
TXN000079,2023-05-16,ST004,Houston,P0056,Sports,43,147.23,6330.89,172,51,6,14.72,0.69,5.36
TXN000698,2023-05-16,ST003,Chicago,P0072,Home Goods,30,19.95,598.5,239,71,6,2.0,0.85,3.39
TXN000460,2023-05-17,ST008,San Diego,P0009,Sports,34,73.23,2489.82,154,46,8,7.32,0.66,4.49
TXN000379,2023-05-17,ST002,Los Angeles,P0004,Home Goods,61,61.86,3773.46,150,45,3,6.19,0.91,2.01
TXN000115,2023-05-17,ST003,Chicago,P0092,Sports,48,187.0,8976.0,190,57,3,18.7,0.25,4.97
TXN000409,2023-05-17,ST002,Los Angeles,P0077,Clothing,63,174.56,10997.28,291,87,4,17.46,0.62,2.17
TXN000918,2023-05-18,ST006,Philadelphia,P0077,Groceries,75,188.43,14132.25,238,71,5,18.84,0.69,2.36
TXN000329,2023-05-18,ST003,Chicago,P0078,Clothing,66,32.5,2145.0,291,87,3,3.25,0.17,2.98
TXN000699,2023-05-19,ST005,Phoenix,P0076,Sports,53,82.12,4352.36,229,68,6,8.21,0.53,5.15
TXN000508,2023-05-20,ST003,Chicago,P0014,Clothing,69,29.26,2018.94,206,61,6,2.93,0.48,4.54
TXN000897,2023-05-21,ST006,Philadelphia,P0089,Home Goods,40,136.84,5473.6,174,52,8,13.68,0.09,5.22
TXN000670,2023-05-21,ST004,Houston,P0052,Electronics,83,74.22,6160.26,219,65,5,7.42,0.09,4.84
TXN000988,2023-05-21,ST003,Chicago,P0007,Clothing,50,31.49,1574.5,215,64,3,3.15,0.78,4.7
TXN000913,2023-05-21,ST007,San Antonio,P0079,Electronics,44,72.85,3205.4,96,28,3,7.29,0.14,5.16
TXN000169,2023-05-22,ST006,Philadelphia,P0098,Sports,45,74.92,3371.4,179,53,1,7.49,0.24,2.81
TXN000752,2023-05-22,ST001,New York,P0022,Electronics,51,175.01,8925.51,245,73,5,17.5,0.7,4.34
TXN000939,2023-05-22,ST006,Philadelphia,P0007,Clothing,45,81.65,3674.25,234,70,5,8.17,0.14,4.9
TXN000847,2023-05-22,ST003,Chicago,P0096,Sports,61,89.63,5467.43,211,63,3,8.96,0.7,4.86
TXN000860,2023-05-23,ST007,San Antonio,P0036,Home Goods,29,28.18,817.22,121,36,2,2.82,0.41,5.78
TXN000643,2023-05-23,ST002,Los Angeles,P0028,Home Goods,50,167.74,8387.0,136,40,2,16.77,0.94,5.25
TXN000050,2023-05-24,ST001,New York,P0054,Groceries,55,192.15,10568.25,210,63,4,19.22,0.11,3.4
TXN000043,2023-05-24,ST004,Houston,P0083,Clothing,23,72.45,1666.35,177,53,7,7.25,0.79,4.79
TXN000883,2023-05-24,ST007,San Antonio,P0006,Sports,39,37.19,1450.41,258,77,4,3.72,0.66,4.81
TXN000252,2023-05-25,ST008,San Diego,P0028,Sports,57,35.15,2003.55,213,63,8,3.52,0.35,5.56
TXN000513,2023-05-25,ST010,San Jose,P0062,Clothing,41,71.68,2938.88,208,62,2,7.17,0.18,5.26
TXN000663,2023-05-25,ST004,Houston,P0026,Sports,35,119.62,4186.7,172,51,4,11.96,0.7,3.0
TXN000456,2023-05-26,ST003,Chicago,P0097,Groceries,36,33.82,1217.52,268,80,6,3.38,0.28,2.7
TXN000448,2023-05-27,ST002,Los Angeles,P0055,Groceries,50,52.68,2634.0,202,60,1,5.27,0.98,2.3
TXN000305,2023-05-27,ST008,San Diego,P0013,Groceries,35,174.41,6104.35,186,55,4,17.44,0.29,3.14
TXN000185,2023-05-28,ST008,San Diego,P0017,Sports,37,66.34,2454.58,264,79,7,6.63,0.66,3.34
TXN000223,2023-05-28,ST008,San Diego,P0028,Electronics,58,63.06,3657.48,176,52,7,6.31,0.51,5.01
TXN000208,2023-05-28,ST002,Los Angeles,P0032,Groceries,67,159.67,10697.89,181,54,4,15.97,0.98,6.36
TXN000191,2023-05-29,ST009,Dallas,P0047,Clothing,46,169.98,7819.08,280,84,6,17.0,0.66,4.73
TXN000764,2023-05-29,ST004,Houston,P0097,Groceries,64,144.08,9221.12,259,77,0,14.41,0.22,3.78
TXN000398,2023-05-30,ST006,Philadelphia,P0065,Home Goods,39,198.16,7728.24,242,72,5,19.82,0.66,3.66
TXN000473,2023-05-31,ST001,New York,P0024,Home Goods,26,71.96,1870.96,244,73,4,7.2,0.86,3.42
TXN000523,2023-05-31,ST007,San Antonio,P0040,Sports,47,197.3,9273.1,219,65,5,19.73,0.32,4.44
TXN000020,2023-05-31,ST002,Los Angeles,P0001,Groceries,78,53.42,4166.76,219,65,1,5.34,1.0,4.12
TXN000463,2023-05-31,ST008,San Diego,P0060,Sports,26,178.39,4638.14,130,39,4,17.84,0.33,3.83
TXN000675,2023-06-01,ST007,San Antonio,P0077,Sports,58,152.95,8871.1,181,54,5,15.29,0.53,3.62
TXN000330,2023-06-01,ST006,Philadelphia,P0019,Home Goods,65,89.0,5785.0,304,91,7,8.9,0.7,1.67
TXN000200,2023-06-01,ST003,Chicago,P0049,Groceries,66,144.46,9534.36,167,50,5,14.45,0.44,5.48
TXN000943,2023-06-01,ST003,Chicago,P0025,Sports,58,56.61,3283.38,226,67,2,5.66,0.63,6.09
TXN000989,2023-06-02,ST010,San Jose,P0037,Home Goods,17,77.07,1310.19,168,50,7,7.71,0.68,4.71
TXN000614,2023-06-02,ST009,Dallas,P0006,Groceries,59,14.02,827.18,153,45,7,1.4,0.34,3.58
TXN000076,2023-06-02,ST007,San Antonio,P0063,Electronics,31,111.05,3442.55,119,35,0,11.11,0.33,5.43
TXN000110,2023-06-02,ST002,Los Angeles,P0062,Sports,56,18.57,1039.92,187,56,4,1.86,0.12,3.12
TXN000030,2023-06-02,ST002,Los Angeles,P0066,Groceries,52,57.55,2992.6,207,62,1,5.75,0.83,4.43
TXN000444,2023-06-03,ST009,Dallas,P0081,Home Goods,61,41.55,2534.55,255,76,5,4.16,0.73,3.63
TXN000160,2023-06-03,ST008,San Diego,P0080,Electronics,37,149.07,5515.59,147,44,5,14.91,0.81,4.89
TXN000355,2023-06-05,ST008,San Diego,P0020,Groceries,12,39.2,470.4,185,55,1,3.92,0.92,4.54
TXN000479,2023-06-06,ST009,Dallas,P0100,Clothing,54,91.8,4957.2,208,62,5,9.18,0.35,2.96
TXN000960,2023-06-06,ST010,San Jose,P0052,Sports,45,93.76,4219.2,257,77,7,9.38,0.03,4.62
TXN000156,2023-06-06,ST004,Houston,P0052,Groceries,52,69.15,3595.8,269,80,8,6.92,0.27,4.77
TXN000470,2023-06-06,ST007,San Antonio,P0009,Sports,62,57.94,3592.28,257,77,4,5.79,0.05,4.07
TXN000842,2023-06-07,ST002,Los Angeles,P0099,Clothing,34,105.04,3571.36,151,45,4,10.5,0.32,3.03
TXN000805,2023-06-07,ST002,Los Angeles,P0084,Electronics,34,198.3,6742.2,134,40,4,19.83,0.06,3.13
TXN000658,2023-06-08,ST002,Los Angeles,P0071,Groceries,55,151.97,8358.35,249,74,5,15.2,0.74,2.55
TXN000162,2023-06-09,ST005,Phoenix,P0015,Groceries,30,130.08,3902.4,237,71,6,13.01,0.68,2.45
TXN000165,2023-06-09,ST005,Phoenix,P0044,Groceries,65,133.67,8688.55,205,61,1,13.37,0.33,4.37
TXN000150,2023-06-10,ST002,Los Angeles,P0064,Electronics,65,158.65,10312.25,187,56,8,15.87,0.88,4.45
TXN000432,2023-06-10,ST006,Philadelphia,P0091,Home Goods,45,40.91,1840.95,151,45,3,4.09,0.06,4.68
TXN000577,2023-06-10,ST007,San Antonio,P0049,Clothing,54,182.33,9845.82,162,48,6,18.23,0.68,3.93
TXN000593,2023-06-10,ST005,Phoenix,P0022,Sports,40,143.22,5728.8,203,60,5,14.32,0.44,5.9
TXN000107,2023-06-10,ST009,Dallas,P0013,Clothing,54,54.26,2930.04,244,73,6,5.43,0.8,4.05
TXN000588,2023-06-11,ST010,San Jose,P0056,Groceries,40,78.69,3147.6,209,62,5,7.87,0.47,4.01
TXN000626,2023-06-11,ST008,San Diego,P0071,Sports,24,155.78,3738.72,207,62,4,15.58,0.32,4.79
TXN000871,2023-06-11,ST010,San Jose,P0044,Clothing,35,180.43,6315.05,64,19,6,18.04,0.49,3.88
TXN000218,2023-06-11,ST007,San Antonio,P0021,Sports,32,12.4,396.8,187,56,7,1.24,0.72,6.59
TXN000089,2023-06-11,ST007,San Antonio,P0003,Clothing,44,39.67,1745.48,196,58,6,3.97,0.03,5.27
TXN000006,2023-06-11,ST002,Los Angeles,P0090,Home Goods,60,148.18,8890.8,191,57,6,14.82,0.52,2.16
TXN000921,2023-06-11,ST001,New York,P0042,Home Goods,49,42.13,2064.37,143,42,8,4.21,0.4,5.08
TXN000221,2023-06-12,ST008,San Diego,P0090,Electronics,44,95.57,4205.08,153,45,6,9.56,0.62,5.26
TXN000172,2023-06-12,ST007,San Antonio,P0052,Electronics,58,75.76,4394.08,155,46,5,7.58,0.82,4.17
TXN000274,2023-06-12,ST004,Houston,P0014,Clothing,11,110.88,1219.68,190,57,4,11.09,0.46,4.02
TXN000173,2023-06-13,ST009,Dallas,P0054,Electronics,34,180.67,6142.78,215,64,3,18.07,0.95,4.93
TXN000294,2023-06-13,ST008,San Diego,P0063,Sports,65,134.38,8734.7,237,71,1,13.44,0.43,4.32
TXN000961,2023-06-13,ST003,Chicago,P0093,Groceries,30,99.12,2973.6,134,40,3,9.91,0.15,3.69
TXN000977,2023-06-13,ST003,Chicago,P0040,Home Goods,46,49.28,2266.88,153,45,5,4.93,0.67,2.57
TXN000462,2023-06-13,ST003,Chicago,P0042,Sports,80,55.42,4433.6,200,60,6,5.54,0.31,4.79
TXN000987,2023-06-13,ST001,New York,P0005,Groceries,61,194.58,11869.38,164,49,1,19.46,0.43,3.67
TXN000091,2023-06-14,ST008,San Diego,P0046,Groceries,45,71.56,3220.2,147,44,5,7.16,0.74,3.28
TXN000727,2023-06-14,ST003,Chicago,P0068,Electronics,47,35.75,1680.25,225,67,2,3.58,0.93,4.05
TXN000877,2023-06-14,ST001,New York,P0044,Sports,67,148.07,9920.69,252,75,8,14.81,0.21,5.12
TXN000558,2023-06-15,ST002,Los Angeles,P0005,Clothing,21,60.37,1267.77,199,59,4,6.04,0.59,3.8
TXN000128,2023-06-15,ST004,Houston,P0100,Electronics,41,133.79,5485.39,176,52,6,13.38,0.43,2.28
TXN000547,2023-06-15,ST002,Los Angeles,P0078,Home Goods,56,19.1,1069.6,169,50,5,1.91,0.01,4.17
TXN000600,2023-06-15,ST003,Chicago,P0002,Clothing,45,196.25,8831.25,253,75,7,19.62,0.03,4.79
TXN000664,2023-06-16,ST006,Philadelphia,P0089,Clothing,56,61.43,3440.08,211,63,7,6.14,0.88,2.04
TXN000423,2023-06-16,ST004,Houston,P0020,Electronics,49,148.75,7288.75,254,76,2,14.88,0.03,4.45
TXN000301,2023-06-16,ST001,New York,P0023,Clothing,43,15.86,681.98,247,74,6,1.59,0.16,2.89
TXN000732,2023-06-16,ST006,Philadelphia,P0094,Groceries,47,164.36,7724.92,207,62,5,16.44,0.32,3.74
TXN000834,2023-06-17,ST010,San Jose,P0099,Sports,35,13.85,484.75,233,69,8,1.39,0.24,1.11
TXN000625,2023-06-17,ST008,San Diego,P0024,Clothing,52,39.61,2059.72,219,65,6,3.96,0.21,3.53
TXN000592,2023-06-18,ST010,San Jose,P0029,Home Goods,32,76.83,2458.56,179,53,3,7.68,0.58,3.9
TXN000333,2023-06-20,ST001,New York,P0062,Electronics,49,116.53,5709.97,161,48,7,11.65,0.25,5.0
TXN000747,2023-06-20,ST005,Phoenix,P0052,Clothing,36,26.32,947.52,171,51,3,2.63,0.69,4.63
TXN000106,2023-06-20,ST002,Los Angeles,P0003,Sports,68,22.42,1524.56,155,46,5,2.24,0.79,2.07
TXN000438,2023-06-21,ST002,Los Angeles,P0052,Sports,51,181.46,9254.46,170,51,2,18.15,0.44,3.47
TXN000056,2023-06-22,ST009,Dallas,P0001,Groceries,29,137.62,3990.98,226,67,1,13.76,0.11,5.28
TXN000725,2023-06-22,ST010,San Jose,P0083,Clothing,50,54.39,2719.5,126,37,7,5.44,0.77,3.55
TXN000098,2023-06-22,ST005,Phoenix,P0071,Clothing,45,156.47,7041.15,257,77,1,15.65,0.96,3.01
TXN000416,2023-06-22,ST006,Philadelphia,P0070,Home Goods,53,142.59,7557.27,107,32,5,14.26,0.68,4.15
TXN000132,2023-06-23,ST006,Philadelphia,P0066,Clothing,63,17.82,1122.66,227,68,5,1.78,0.12,4.13
TXN000268,2023-06-24,ST009,Dallas,P0055,Clothing,57,136.61,7786.77,159,47,5,13.66,0.3,4.2
TXN000880,2023-06-24,ST005,Phoenix,P0067,Electronics,65,47.42,3082.3,242,72,6,4.74,0.36,4.49
TXN000116,2023-06-25,ST006,Philadelphia,P0072,Groceries,37,51.83,1917.71,199,59,3,5.18,0.85,4.22
TXN000636,2023-06-25,ST008,San Diego,P0098,Groceries,39,157.8,6154.2,58,17,2,15.78,0.38,1.91
TXN000246,2023-06-25,ST001,New York,P0038,Sports,78,36.71,2863.38,176,52,4,3.67,0.51,3.99
TXN000217,2023-06-25,ST005,Phoenix,P0032,Home Goods,47,126.91,5964.77,141,42,5,12.69,0.97,5.41
TXN000941,2023-06-25,ST009,Dallas,P0003,Clothing,55,172.69,9497.95,245,73,4,17.27,0.88,3.2
TXN000843,2023-06-26,ST008,San Diego,P0087,Home Goods,49,195.35,9572.15,114,34,6,19.54,0.09,2.3
TXN000054,2023-06-26,ST006,Philadelphia,P0059,Groceries,48,88.82,4263.36,261,78,4,8.88,0.86,3.94
TXN000085,2023-06-26,ST006,Philadelphia,P0088,Electronics,39,51.82,2020.98,245,73,5,5.18,0.98,2.52
TXN000037,2023-06-27,ST004,Houston,P0024,Home Goods,34,164.13,5580.42,210,63,5,16.41,0.82,5.14
TXN000176,2023-06-27,ST009,Dallas,P0002,Groceries,52,196.9,10238.8,183,54,3,19.69,0.12,3.59
TXN000904,2023-06-28,ST003,Chicago,P0001,Sports,59,128.74,7595.66,293,87,3,12.87,0.56,5.24
TXN000440,2023-06-28,ST007,San Antonio,P0028,Home Goods,66,45.12,2977.92,296,88,5,4.51,0.76,3.39
TXN000758,2023-06-28,ST010,San Jose,P0009,Clothing,60,62.07,3724.2,244,73,4,6.21,0.27,5.15
TXN000818,2023-06-29,ST005,Phoenix,P0062,Sports,43,85.29,3667.47,209,62,5,8.53,0.29,4.53
TXN000170,2023-06-29,ST001,New York,P0075,Groceries,52,175.93,9148.36,195,58,5,17.59,0.57,3.47
TXN000044,2023-06-30,ST009,Dallas,P0039,Sports,39,114.41,4461.99,199,59,6,11.44,0.35,3.85
TXN000357,2023-06-30,ST008,San Diego,P0048,Groceries,53,33.79,1790.87,209,62,3,3.38,0.69,3.36
TXN000611,2023-06-30,ST004,Houston,P0030,Groceries,0,103.16,0.0,159,47,5,10.32,0.4,4.29
TXN000481,2023-07-01,ST001,New York,P0013,Clothing,39,138.36,5396.04,101,30,7,13.84,0.87,4.03
TXN000373,2023-07-01,ST009,Dallas,P0052,Electronics,38,73.84,2805.92,234,70,8,7.38,0.91,3.81
TXN000263,2023-07-02,ST009,Dallas,P0025,Electronics,4,121.31,485.24,209,62,3,12.13,0.68,4.19
TXN000189,2023-07-02,ST010,San Jose,P0015,Electronics,46,114.52,5267.92,161,48,2,11.45,0.27,3.63
TXN000349,2023-07-02,ST008,San Diego,P0049,Home Goods,55,117.05,6437.75,254,76,6,11.71,0.59,4.33
TXN000351,2023-07-02,ST008,San Diego,P0011,Clothing,72,99.16,7139.52,267,80,4,9.92,0.86,1.07
TXN000201,2023-07-02,ST004,Houston,P0094,Electronics,40,21.88,875.2,134,40,6,2.19,0.73,4.7
TXN000466,2023-07-02,ST009,Dallas,P0055,Groceries,56,131.9,7386.4,154,46,4,13.19,0.81,4.46
TXN000778,2023-07-02,ST007,San Antonio,P0075,Electronics,70,44.13,3089.1,191,57,4,4.41,0.34,4.45
TXN000792,2023-07-03,ST008,San Diego,P0095,Clothing,27,194.9,5262.3,251,75,3,19.49,0.36,2.9
TXN000258,2023-07-03,ST002,Los Angeles,P0041,Groceries,71,198.2,14072.2,207,62,4,19.82,0.63,3.64
TXN000992,2023-07-04,ST009,Dallas,P0055,Groceries,83,194.85,16172.55,202,60,5,19.48,0.86,3.36
TXN000595,2023-07-05,ST007,San Antonio,P0062,Sports,46,190.93,8782.78,231,69,9,19.09,0.54,4.56
TXN000139,2023-07-05,ST007,San Antonio,P0042,Groceries,72,149.29,10748.88,269,80,5,14.93,0.91,3.31
TXN000517,2023-07-05,ST001,New York,P0011,Clothing,60,64.07,3844.2,337,101,7,6.41,0.69,4.06
TXN000872,2023-07-06,ST003,Chicago,P0006,Groceries,57,14.84,845.88,148,44,10,1.48,0.03,4.8
TXN000348,2023-07-06,ST001,New York,P0035,Home Goods,45,12.6,567.0,254,76,4,1.26,0.02,3.47
TXN000402,2023-07-06,ST001,New York,P0018,Groceries,47,159.6,7501.2,201,60,4,15.96,0.59,3.96
TXN000276,2023-07-06,ST006,Philadelphia,P0053,Clothing,27,44.53,1202.31,132,39,1,4.45,0.34,3.27
TXN000915,2023-07-07,ST005,Phoenix,P0089,Home Goods,73,109.31,7979.63,205,61,3,10.93,0.93,2.9
TXN000589,2023-07-07,ST008,San Diego,P0053,Groceries,63,88.08,5549.04,211,63,8,8.81,0.42,5.31
TXN000259,2023-07-07,ST005,Phoenix,P0013,Sports,67,170.73,11438.91,235,70,3,17.07,0.49,4.21
TXN000682,2023-07-07,ST001,New York,P0042,Sports,41,108.48,4447.68,216,64,2,10.85,0.96,4.32
TXN000433,2023-07-08,ST001,New York,P0071,Clothing,22,162.57,3576.54,245,73,3,16.26,0.57,4.08
TXN000501,2023-07-08,ST005,Phoenix,P0007,Home Goods,44,13.8,607.2,281,84,4,1.38,0.58,3.38
TXN000474,2023-07-09,ST007,San Antonio,P0008,Groceries,47,157.35,7395.45,215,64,2,15.73,0.01,3.7
TXN000393,2023-07-09,ST008,San Diego,P0059,Home Goods,43,108.47,4664.21,173,51,3,10.85,0.32,4.28
TXN000374,2023-07-09,ST008,San Diego,P0072,Groceries,63,47.97,3022.11,277,83,5,4.8,0.65,3.36
TXN000654,2023-07-09,ST006,Philadelphia,P0070,Groceries,68,128.18,8716.24,236,70,8,12.82,0.73,4.26
TXN000683,2023-07-10,ST009,Dallas,P0006,Clothing,39,123.66,4822.74,197,59,3,12.37,0.97,4.15
TXN000789,2023-07-10,ST006,Philadelphia,P0038,Sports,33,182.11,6009.63,230,69,4,18.21,0.41,5.24
TXN000738,2023-07-11,ST007,San Antonio,P0020,Sports,51,94.12,4800.12,184,55,1,9.41,0.7,6.83
TXN000122,2023-07-11,ST004,Houston,P0068,Groceries,44,120.61,5306.84,208,62,7,12.06,0.05,2.48
TXN000236,2023-07-11,ST007,San Antonio,P0085,Sports,21,187.03,3927.63,205,61,3,18.7,0.62,3.81
TXN000669,2023-07-12,ST006,Philadelphia,P0099,Clothing,43,163.49,7030.07,220,66,6,16.35,0.7,5.83
TXN000148,2023-07-12,ST006,Philadelphia,P0047,Clothing,49,127.39,6242.11,300,90,5,12.74,0.03,5.05
TXN000233,2023-07-13,ST003,Chicago,P0086,Home Goods,46,196.93,9058.78,112,33,3,19.69,0.89,2.45
TXN000410,2023-07-13,ST004,Houston,P0010,Clothing,60,171.61,10296.6,105,31,6,17.16,0.56,4.54
TXN000088,2023-07-13,ST003,Chicago,P0047,Clothing,26,104.43,2715.18,339,101,4,10.44,0.33,4.24
TXN000659,2023-07-13,ST004,Houston,P0075,Sports,51,182.47,9305.97,211,63,6,18.25,0.08,4.9
TXN000797,2023-07-14,ST008,San Diego,P0038,Groceries,77,125.72,9680.44,165,49,4,12.57,0.47,5.52
TXN000846,2023-07-15,ST006,Philadelphia,P0059,Electronics,33,19.11,630.63,192,57,5,1.91,0.76,5.46
TXN000542,2023-07-16,ST004,Houston,P0040,Sports,48,29.71,1426.08,192,57,3,2.97,0.67,3.73
TXN000638,2023-07-16,ST005,Phoenix,P0058,Sports,51,106.81,5447.31,183,54,0,10.68,0.08,4.68
TXN000395,2023-07-16,ST006,Philadelphia,P0018,Clothing,42,94.34,3962.28,267,80,5,9.43,0.01,4.75
TXN000202,2023-07-17,ST006,Philadelphia,P0045,Electronics,68,32.48,2208.64,229,68,7,3.25,0.38,3.7
TXN000724,2023-07-17,ST005,Phoenix,P0056,Groceries,37,181.94,6731.78,246,73,3,18.19,0.81,5.06
TXN000390,2023-07-17,ST005,Phoenix,P0090,Home Goods,67,73.1,4897.7,276,82,3,7.31,0.51,3.24
TXN000753,2023-07-17,ST001,New York,P0029,Sports,75,172.23,12917.25,235,70,5,17.22,0.01,2.87
TXN000111,2023-07-17,ST010,San Jose,P0037,Sports,62,197.95,12272.9,210,63,4,19.8,0.4,4.05
TXN000367,2023-07-19,ST006,Philadelphia,P0098,Sports,19,159.27,3026.13,246,73,4,15.93,0.73,4.74
TXN000420,2023-07-20,ST004,Houston,P0035,Sports,69,82.97,5724.93,211,63,3,8.3,0.48,2.65
TXN000052,2023-07-20,ST006,Philadelphia,P0063,Electronics,64,140.1,8966.4,171,51,6,14.01,0.42,5.48
TXN000094,2023-07-21,ST006,Philadelphia,P0024,Electronics,54,99.5,5373.0,201,60,4,9.95,0.51,2.66
TXN000198,2023-07-21,ST006,Philadelphia,P0085,Sports,27,160.9,4344.3,263,78,5,16.09,0.48,3.16
TXN000047,2023-07-21,ST006,Philadelphia,P0039,Groceries,45,99.05,4457.25,199,59,5,9.91,0.75,3.17
TXN000665,2023-07-21,ST001,New York,P0066,Home Goods,36,99.43,3579.48,286,85,4,9.94,0.3,5.44
TXN000310,2023-07-21,ST010,San Jose,P0062,Sports,46,150.2,6909.2,153,45,3,15.02,0.35,5.7
TXN000183,2023-07-22,ST008,San Diego,P0021,Home Goods,13,95.52,1241.76,195,58,5,9.55,0.45,3.74
TXN000667,2023-07-22,ST005,Phoenix,P0057,Home Goods,11,59.09,649.99,303,90,3,5.91,0.09,4.59
TXN000123,2023-07-23,ST002,Los Angeles,P0014,Sports,41,154.07,6316.87,218,65,4,15.41,0.77,1.96
TXN000804,2023-07-23,ST009,Dallas,P0030,Sports,67,192.61,12904.87,303,90,2,19.26,0.29,4.73
TXN000035,2023-07-23,ST001,New York,P0094,Home Goods,41,98.29,4029.89,254,76,4,9.83,0.95,4.14
TXN000369,2023-07-24,ST001,New York,P0020,Home Goods,38,115.32,4382.16,156,46,3,11.53,0.24,3.07
TXN000551,2023-07-24,ST010,San Jose,P0009,Groceries,30,195.53,5865.9,120,36,2,19.55,0.51,3.11
TXN000290,2023-07-25,ST003,Chicago,P0091,Clothing,68,88.96,6049.28,104,31,3,8.9,0.96,4.75
TXN000400,2023-07-25,ST008,San Diego,P0025,Clothing,64,74.7,4780.8,255,76,4,7.47,0.08,3.05
TXN000419,2023-07-25,ST004,Houston,P0087,Groceries,36,58.35,2100.6,267,80,5,5.84,0.85,3.7
TXN000011,2023-07-26,ST007,San Antonio,P0027,Electronics,44,30.5,1342.0,196,58,5,3.05,0.31,3.7
TXN000827,2023-07-26,ST006,Philadelphia,P0006,Home Goods,54,71.61,3866.94,102,30,4,7.16,0.25,3.03
TXN000533,2023-07-26,ST006,Philadelphia,P0053,Home Goods,41,86.32,3539.12,246,73,7,8.63,0.65,4.01
TXN000954,2023-07-27,ST001,New York,P0060,Groceries,32,24.79,793.28,282,84,7,2.48,0.67,3.01
TXN000388,2023-07-27,ST001,New York,P0022,Groceries,67,72.35,4847.45,174,52,1,7.23,0.84,1.17
TXN000134,2023-07-27,ST007,San Antonio,P0075,Home Goods,69,95.94,6619.86,209,62,5,9.59,0.73,6.18
TXN000401,2023-07-28,ST005,Phoenix,P0021,Sports,57,186.03,10603.71,182,54,3,18.6,0.04,3.89
TXN000320,2023-07-28,ST001,New York,P0091,Groceries,52,112.28,5838.56,238,71,3,11.23,0.9,2.62
TXN000912,2023-07-28,ST009,Dallas,P0063,Clothing,42,108.26,4546.92,276,82,7,10.83,0.78,3.26
TXN000768,2023-07-29,ST001,New York,P0086,Clothing,53,102.83,5449.99,219,65,1,10.28,0.98,4.97
TXN000439,2023-07-29,ST010,San Jose,P0011,Home Goods,50,22.94,1147.0,113,33,0,2.29,0.01,2.49
TXN000269,2023-07-30,ST005,Phoenix,P0084,Groceries,43,78.41,3371.63,206,61,5,7.84,0.43,4.6
TXN000776,2023-07-30,ST003,Chicago,P0047,Home Goods,39,63.1,2460.9,106,31,3,6.31,0.14,4.11
TXN000511,2023-07-31,ST004,Houston,P0010,Sports,62,83.26,5162.12,163,48,7,8.33,0.75,4.02
TXN000945,2023-08-01,ST003,Chicago,P0010,Clothing,61,81.83,4991.63,154,46,3,8.18,0.02,0.97
TXN000326,2023-08-01,ST007,San Antonio,P0080,Electronics,42,109.1,4582.2,251,75,5,10.91,0.34,4.22
TXN000159,2023-08-02,ST007,San Antonio,P0022,Sports,69,132.86,9167.34,221,66,4,13.29,0.91,2.92
TXN000130,2023-08-02,ST006,Philadelphia,P0041,Groceries,40,29.53,1181.2,221,66,4,2.95,0.48,4.05
TXN000716,2023-08-02,ST008,San Diego,P0011,Groceries,41,27.28,1118.48,187,56,5,2.73,0.13,4.5
TXN000082,2023-08-02,ST003,Chicago,P0029,Electronics,40,45.4,1816.0,175,52,4,4.54,0.31,4.95
TXN000465,2023-08-02,ST006,Philadelphia,P0084,Sports,26,47.74,1241.24,168,50,5,4.77,0.37,4.08
TXN000354,2023-08-02,ST004,Houston,P0065,Home Goods,30,190.26,5707.8,311,93,5,19.03,0.02,3.6
TXN000327,2023-08-02,ST003,Chicago,P0030,Electronics,44,88.11,3876.84,108,32,3,8.81,0.49,5.48
TXN000557,2023-08-02,ST006,Philadelphia,P0038,Clothing,35,17.36,607.6,301,90,8,1.74,0.27,4.0
TXN000429,2023-08-03,ST010,San Jose,P0011,Home Goods,40,120.15,4806.0,252,75,7,12.02,0.47,3.48
TXN000574,2023-08-04,ST009,Dallas,P0003,Groceries,49,183.82,9007.18,120,36,4,18.38,0.76,3.63
TXN000824,2023-08-04,ST010,San Jose,P0080,Sports,77,10.54,811.58,233,69,7,1.05,0.44,3.51
TXN000288,2023-08-04,ST010,San Jose,P0043,Sports,42,107.79,4527.18,223,66,3,10.78,0.25,4.76
TXN000231,2023-08-04,ST009,Dallas,P0068,Groceries,42,183.03,7687.26,212,63,2,18.3,0.34,3.89
TXN000603,2023-08-04,ST003,Chicago,P0091,Electronics,53,111.93,5932.29,197,59,1,11.19,0.7,4.02
TXN000731,2023-08-05,ST009,Dallas,P0003,Clothing,69,182.06,12562.14,186,55,5,18.21,0.28,2.96
TXN000555,2023-08-06,ST003,Chicago,P0003,Sports,64,118.17,7562.88,209,62,5,11.82,0.05,6.28
TXN000565,2023-08-06,ST006,Philadelphia,P0049,Groceries,66,145.91,9630.06,263,78,3,14.59,0.13,2.87
TXN000364,2023-08-07,ST008,San Diego,P0020,Clothing,11,134.65,1481.15,299,89,8,13.47,0.66,4.59
TXN000255,2023-08-07,ST002,Los Angeles,P0081,Groceries,67,155.26,10402.42,183,54,6,15.53,0.2,4.09
TXN000225,2023-08-07,ST002,Los Angeles,P0097,Groceries,35,94.94,3322.9,207,62,7,9.49,0.55,3.88
TXN000890,2023-08-08,ST008,San Diego,P0037,Groceries,48,55.37,2657.76,152,45,5,5.54,0.82,4.55
TXN000446,2023-08-08,ST009,Dallas,P0096,Home Goods,34,28.7,975.8,174,52,5,2.87,0.73,4.51
TXN000375,2023-08-09,ST001,New York,P0032,Clothing,53,186.2,9868.6,210,63,2,18.62,0.75,2.94
TXN000291,2023-08-09,ST006,Philadelphia,P0098,Sports,75,117.03,8777.25,173,51,1,11.7,0.84,3.24
TXN000526,2023-08-09,ST009,Dallas,P0015,Sports,27,67.85,1831.95,161,48,7,6.79,0.43,3.51
TXN000358,2023-08-10,ST007,San Antonio,P0057,Sports,44,92.72,4079.68,156,46,8,9.27,0.89,2.99
TXN000036,2023-08-11,ST004,Houston,P0034,Home Goods,97,139.95,13575.15,204,61,6,13.99,0.94,4.15
TXN000851,2023-08-11,ST008,San Diego,P0093,Sports,53,131.36,6962.08,280,84,6,13.14,0.96,2.44
TXN000406,2023-08-12,ST004,Houston,P0025,Home Goods,44,16.59,729.96,207,62,8,1.66,0.19,3.14
TXN000121,2023-08-12,ST007,San Antonio,P0074,Electronics,44,44.1,1940.4,255,76,6,4.41,0.17,4.68
TXN000336,2023-08-12,ST002,Los Angeles,P0051,Clothing,49,44.53,2181.97,170,51,6,4.45,0.55,4.46
TXN000112,2023-08-14,ST006,Philadelphia,P0074,Groceries,43,191.88,8250.84,194,58,5,19.19,0.63,4.51
TXN000615,2023-08-14,ST001,New York,P0070,Sports,34,165.48,5626.32,318,95,3,16.55,0.82,4.56
TXN000457,2023-08-14,ST001,New York,P0098,Electronics,67,126.21,8456.07,224,67,2,12.62,0.33,3.14
TXN000124,2023-08-14,ST010,San Jose,P0087,Clothing,31,161.01,4991.31,191,57,2,16.1,0.08,4.71
TXN000376,2023-08-15,ST003,Chicago,P0054,Electronics,24,73.12,1754.88,167,50,7,7.31,0.65,5.7
TXN000219,2023-08-15,ST002,Los Angeles,P0026,Sports,55,165.62,9109.1,185,55,8,16.56,0.31,4.35
TXN000539,2023-08-15,ST003,Chicago,P0042,Sports,57,59.17,3372.69,57,17,3,5.92,0.3,3.74
TXN000224,2023-08-15,ST006,Philadelphia,P0015,Sports,42,154.26,6478.92,272,81,4,15.43,0.81,4.3
TXN000875,2023-08-15,ST008,San Diego,P0084,Home Goods,18,129.23,2326.14,171,51,6,12.92,0.75,5.18
TXN000214,2023-08-15,ST001,New York,P0042,Home Goods,54,166.2,8974.8,162,48,7,16.62,0.96,3.43
TXN000405,2023-08-16,ST005,Phoenix,P0029,Groceries,57,51.09,2912.13,292,87,3,5.11,0.91,3.04
TXN000254,2023-08-16,ST006,Philadelphia,P0055,Clothing,36,154.74,5570.64,167,50,5,15.47,0.49,1.58
TXN000711,2023-08-17,ST002,Los Angeles,P0094,Home Goods,43,122.26,5257.18,232,69,4,12.23,0.93,4.0
TXN000074,2023-08-17,ST008,San Diego,P0011,Electronics,42,41.21,1730.82,178,53,6,4.12,0.52,5.03
TXN000620,2023-08-17,ST008,San Diego,P0029,Groceries,44,15.22,669.68,211,63,6,1.52,0.17,3.02
TXN000437,2023-08-17,ST009,Dallas,P0042,Electronics,57,74.95,4272.15,264,79,5,7.5,0.35,2.53
TXN000312,2023-08-18,ST007,San Antonio,P0091,Sports,48,142.2,6825.6,163,48,3,14.22,0.55,3.91
TXN000347,2023-08-18,ST008,San Diego,P0029,Sports,53,164.42,8714.26,180,54,9,16.44,0.3,2.82
TXN000275,2023-08-18,ST004,Houston,P0060,Clothing,45,60.78,2735.1,278,83,4,6.08,0.86,3.66
TXN000141,2023-08-19,ST009,Dallas,P0084,Clothing,44,194.19,8544.36,144,43,6,19.42,0.33,2.75
TXN000262,2023-08-19,ST007,San Antonio,P0027,Sports,26,131.69,3423.94,193,57,5,13.17,0.36,4.28
TXN000012,2023-08-19,ST004,Houston,P0094,Sports,72,53.47,3849.84,174,52,4,5.35,0.16,3.57
TXN000791,2023-08-21,ST004,Houston,P0041,Clothing,60,107.34,6440.4,174,52,5,10.73,0.41,2.93
TXN000639,2023-08-21,ST010,San Jose,P0073,Electronics,36,20.01,720.36,79,23,6,2.0,0.24,7.11
TXN000730,2023-08-22,ST008,San Diego,P0093,Electronics,47,94.05,4420.35,198,59,5,9.4,0.34,3.4
TXN000736,2023-08-22,ST009,Dallas,P0001,Clothing,54,76.32,4121.28,237,71,2,7.63,0.37,4.9
TXN000015,2023-08-22,ST005,Phoenix,P0097,Groceries,56,71.41,3998.96,191,57,8,7.14,0.36,4.17
TXN000618,2023-08-23,ST005,Phoenix,P0092,Groceries,50,67.01,3350.5,274,82,4,6.7,0.38,3.24
TXN000648,2023-08-24,ST009,Dallas,P0018,Clothing,39,59.83,2333.37,197,59,2,5.98,0.95,3.78
TXN000898,2023-08-24,ST008,San Diego,P0097,Clothing,15,174.08,2611.2,160,48,4,17.41,0.86,4.44
TXN000270,2023-08-24,ST002,Los Angeles,P0078,Groceries,53,89.0,4717.0,133,39,3,8.9,0.87,5.42
TXN000095,2023-08-25,ST009,Dallas,P0040,Clothing,29,132.56,3844.24,176,52,2,13.26,0.9,3.78
TXN000325,2023-08-25,ST010,San Jose,P0052,Electronics,58,191.03,11079.74,187,56,2,19.1,0.51,2.64
TXN000769,2023-08-25,ST003,Chicago,P0023,Clothing,52,179.85,9352.2,147,44,2,17.98,0.76,3.4
TXN000436,2023-08-25,ST010,San Jose,P0090,Clothing,73,162.32,11849.36,121,36,0,16.23,1.0,3.02
TXN000235,2023-08-25,ST003,Chicago,P0040,Groceries,87,112.03,9746.61,164,49,5,11.2,0.28,4.29
TXN000978,2023-08-26,ST006,Philadelphia,P0080,Home Goods,61,45.73,2789.53,99,29,4,4.57,0.23,4.63
TXN000760,2023-08-26,ST001,New York,P0002,Groceries,72,192.65,13870.8,174,52,1,19.27,0.94,3.75
TXN000719,2023-08-27,ST008,San Diego,P0076,Home Goods,52,118.66,6170.32,179,53,7,11.87,0.41,4.09
TXN000733,2023-08-28,ST001,New York,P0036,Clothing,64,87.67,5610.88,172,51,7,8.77,0.08,3.17
TXN000425,2023-08-28,ST009,Dallas,P0020,Groceries,52,113.43,5898.36,154,46,6,11.34,0.82,2.73
TXN000896,2023-08-28,ST001,New York,P0013,Groceries,51,134.07,6837.57,206,61,8,13.41,0.01,4.02
TXN000632,2023-08-28,ST005,Phoenix,P0078,Electronics,50,196.47,9823.5,261,78,4,19.65,0.64,3.41
TXN000934,2023-08-28,ST004,Houston,P0038,Sports,56,125.77,7043.12,250,75,9,12.58,0.8,3.42
TXN000163,2023-08-29,ST010,San Jose,P0039,Electronics,55,74.07,4073.85,260,78,5,7.41,0.26,4.25
TXN000131,2023-08-30,ST004,Houston,P0033,Clothing,53,26.69,1414.57,97,29,4,2.67,0.08,3.91
TXN000161,2023-08-30,ST003,Chicago,P0036,Clothing,43,175.16,7531.88,170,51,9,17.52,0.18,2.11
TXN000180,2023-08-30,ST001,New York,P0013,Sports,32,22.28,712.96,225,67,4,2.23,0.27,3.56
TXN000635,2023-08-30,ST002,Los Angeles,P0009,Groceries,48,174.94,8397.12,215,64,4,17.49,0.08,4.83
TXN000146,2023-08-30,ST010,San Jose,P0020,Sports,52,174.9,9094.8,222,66,6,17.49,0.49,1.1
TXN000575,2023-08-31,ST004,Houston,P0080,Groceries,41,139.85,5733.85,177,53,7,13.98,0.31,4.54
TXN000710,2023-08-31,ST004,Houston,P0033,Home Goods,31,121.3,3760.3,247,74,2,12.13,0.84,6.14
TXN000649,2023-09-01,ST008,San Diego,P0089,Clothing,53,177.51,9408.03,205,61,8,17.75,0.56,4.09
TXN000729,2023-09-01,ST005,Phoenix,P0057,Electronics,50,194.94,9747.0,186,55,8,19.49,0.97,1.69
TXN000863,2023-09-02,ST005,Phoenix,P0070,Groceries,42,21.69,910.98,148,44,6,2.17,0.89,3.23
TXN000849,2023-09-02,ST004,Houston,P0079,Groceries,50,59.41,2970.5,167,50,1,5.94,0.98,4.57
TXN000985,2023-09-02,ST008,San Diego,P0014,Home Goods,36,182.14,6557.04,189,56,4,18.21,0.05,3.46
TXN000684,2023-09-02,ST010,San Jose,P0014,Home Goods,44,31.44,1383.36,238,71,5,3.14,0.16,4.91
TXN000705,2023-09-03,ST004,Houston,P0046,Electronics,37,82.01,3034.37,173,51,3,8.2,0.67,3.64
TXN000529,2023-09-03,ST003,Chicago,P0046,Clothing,54,136.3,7360.2,145,43,8,13.63,0.41,3.32
TXN000516,2023-09-03,ST003,Chicago,P0051,Clothing,30,127.27,3818.1,265,79,4,12.73,0.4,4.41
TXN000413,2023-09-03,ST008,San Diego,P0042,Sports,54,171.39,9255.06,150,45,4,17.14,0.93,1.89
TXN000028,2023-09-03,ST001,New York,P0009,Groceries,29,163.78,4749.62,153,45,5,16.38,0.91,4.26
TXN000286,2023-09-04,ST005,Phoenix,P0080,Clothing,65,156.89,10197.85,184,55,2,15.69,0.46,3.25
TXN000069,2023-09-04,ST008,San Diego,P0055,Electronics,52,184.31,9584.12,245,73,8,18.43,0.82,3.93
TXN000034,2023-09-04,ST005,Phoenix,P0022,Sports,51,40.14,2047.14,170,51,4,4.01,0.09,3.18
TXN000795,2023-09-04,ST005,Phoenix,P0062,Electronics,53,101.77,5393.81,178,53,2,10.18,0.41,2.23
TXN000485,2023-09-04,ST002,Los Angeles,P0065,Clothing,63,184.0,11592.0,222,66,3,18.4,0.33,4.99
TXN000810,2023-09-06,ST003,Chicago,P0065,Home Goods,55,183.21,10076.55,168,50,7,18.32,0.36,4.67
TXN000119,2023-09-06,ST005,Phoenix,P0045,Clothing,44,151.27,6655.88,158,47,5,15.13,0.83,3.61
TXN000815,2023-09-07,ST001,New York,P0052,Groceries,41,191.34,7844.94,268,80,2,19.13,0.63,3.68
TXN000399,2023-09-08,ST001,New York,P0018,Electronics,30,68.37,2051.1,228,68,0,6.84,0.16,5.26
TXN000802,2023-09-08,ST003,Chicago,P0053,Groceries,34,13.49,458.66,111,33,6,1.35,0.62,3.37
TXN000227,2023-09-08,ST007,San Antonio,P0078,Electronics,58,130.67,7578.86,311,93,2,13.07,0.12,3.74
TXN000053,2023-09-08,ST008,San Diego,P0030,Clothing,67,197.58,13237.86,176,52,5,19.76,0.38,2.9
TXN000049,2023-09-09,ST006,Philadelphia,P0085,Groceries,51,194.17,9902.67,161,48,9,19.42,0.7,4.41
TXN000980,2023-09-09,ST005,Phoenix,P0072,Sports,42,45.37,1905.54,227,68,4,4.54,0.78,5.65
TXN000718,2023-09-10,ST009,Dallas,P0010,Clothing,74,184.47,13650.78,169,50,2,18.45,0.52,3.62
TXN000586,2023-09-10,ST003,Chicago,P0090,Electronics,46,196.46,9037.16,166,49,2,19.65,0.17,5.82
TXN000823,2023-09-10,ST008,San Diego,P0071,Electronics,31,13.75,426.25,139,41,5,1.38,0.12,3.23
TXN000717,2023-09-11,ST010,San Jose,P0063,Sports,56,62.33,3490.48,249,74,3,6.23,0.49,3.02
TXN000956,2023-09-11,ST005,Phoenix,P0045,Home Goods,43,91.26,3924.18,39,11,8,9.13,0.56,4.12
TXN000646,2023-09-11,ST007,San Antonio,P0064,Groceries,55,21.35,1174.25,186,55,4,2.14,0.31,4.74
TXN000833,2023-09-12,ST010,San Jose,P0042,Sports,19,159.06,3022.14,113,33,5,15.91,0.84,3.1
TXN000230,2023-09-12,ST003,Chicago,P0011,Clothing,31,51.84,1607.04,239,71,8,5.18,0.53,3.92
TXN000090,2023-09-12,ST007,San Antonio,P0067,Groceries,42,134.02,5628.84,224,67,4,13.4,0.24,3.77
TXN000862,2023-09-12,ST004,Houston,P0069,Sports,39,83.68,3263.52,124,37,2,8.37,0.86,3.08
TXN000608,2023-09-13,ST010,San Jose,P0039,Electronics,46,176.21,8105.66,179,53,5,17.62,0.1,3.34
TXN000634,2023-09-14,ST008,San Diego,P0019,Groceries,36,118.07,4250.52,233,69,4,11.81,0.97,5.06
TXN000064,2023-09-14,ST001,New York,P0026,Home Goods,52,197.39,10264.28,161,48,6,19.74,0.24,4.07
TXN000240,2023-09-15,ST003,Chicago,P0015,Electronics,68,78.76,5355.68,257,77,4,7.88,0.64,4.02
TXN000166,2023-09-15,ST006,Philadelphia,P0002,Home Goods,20,120.29,2405.8,168,50,7,12.03,0.17,4.69
TXN000520,2023-09-15,ST005,Phoenix,P0086,Home Goods,43,16.69,717.67,247,74,6,1.67,0.16,4.63
TXN000564,2023-09-15,ST010,San Jose,P0069,Electronics,72,189.91,13673.52,190,57,3,18.99,0.93,2.47
TXN000946,2023-09-16,ST010,San Jose,P0003,Groceries,23,41.76,960.48,226,67,2,4.18,0.53,3.51
TXN000566,2023-09-16,ST001,New York,P0016,Sports,23,24.62,566.26,88,26,6,2.46,0.24,4.53
TXN000205,2023-09-17,ST004,Houston,P0070,Clothing,51,11.34,578.34,207,62,4,1.13,0.92,3.0
TXN000072,2023-09-18,ST006,Philadelphia,P0050,Clothing,65,58.38,3794.7,171,51,7,5.84,0.6,4.77
TXN000186,2023-09-18,ST003,Chicago,P0058,Sports,67,60.36,4044.12,235,70,6,6.04,0.38,5.31
TXN000506,2023-09-19,ST005,Phoenix,P0051,Groceries,56,26.01,1456.56,180,54,7,2.6,0.27,2.9
TXN000755,2023-09-20,ST002,Los Angeles,P0096,Sports,66,191.01,12606.66,200,60,5,19.1,0.97,1.43
TXN000005,2023-09-21,ST002,Los Angeles,P0084,Home Goods,62,69.23,4292.26,138,41,10,6.92,0.18,5.19
TXN000703,2023-09-21,ST002,Los Angeles,P0081,Groceries,48,178.63,8574.24,155,46,2,17.86,0.29,5.79
TXN000394,2023-09-21,ST009,Dallas,P0045,Clothing,49,82.13,4024.37,168,50,2,8.21,0.09,3.02
TXN000567,2023-09-21,ST006,Philadelphia,P0046,Electronics,78,73.44,5728.32,169,50,6,7.34,0.02,2.65
TXN000910,2023-09-21,ST004,Houston,P0026,Clothing,52,17.75,923.0,265,79,6,1.78,0.95,2.23
TXN000721,2023-09-22,ST006,Philadelphia,P0057,Sports,60,99.62,5977.2,258,77,3,9.96,0.62,4.09
TXN000363,2023-09-22,ST005,Phoenix,P0056,Clothing,41,113.98,4673.18,145,43,5,11.4,0.77,2.96
TXN000819,2023-09-23,ST010,San Jose,P0061,Groceries,57,14.22,810.54,193,57,5,1.42,0.32,3.77
TXN000153,2023-09-24,ST003,Chicago,P0044,Clothing,74,127.7,9449.8,250,75,0,12.77,0.86,3.32
TXN000016,2023-09-25,ST001,New York,P0058,Home Goods,49,67.17,3291.33,116,34,5,6.72,0.05,6.46
TXN000234,2023-09-25,ST002,Los Angeles,P0017,Sports,62,55.38,3433.56,210,63,0,5.54,0.47,2.47
TXN000114,2023-09-26,ST003,Chicago,P0032,Groceries,53,122.66,6500.98,124,37,3,12.27,0.88,4.16
TXN000428,2023-09-26,ST005,Phoenix,P0088,Electronics,61,72.96,4450.56,250,75,3,7.3,0.76,5.63
TXN000447,2023-09-26,ST007,San Antonio,P0094,Sports,31,121.66,3771.46,225,67,4,12.17,0.78,3.25
TXN000584,2023-09-27,ST007,San Antonio,P0080,Groceries,62,43.7,2709.4,207,62,4,4.37,0.68,3.25
TXN000492,2023-09-27,ST009,Dallas,P0001,Sports,58,127.64,7403.12,210,63,6,12.76,0.55,4.92
TXN000001,2023-09-28,ST007,San Antonio,P0052,Sports,59,39.64,2338.76,276,82,5,3.96,0.71,5.01
TXN000441,2023-09-28,ST010,San Jose,P0039,Clothing,56,56.39,3157.84,168,50,1,5.64,0.85,5.42
TXN000477,2023-09-29,ST006,Philadelphia,P0035,Sports,56,36.1,2021.6,243,72,5,3.61,0.75,4.54
TXN000997,2023-09-29,ST002,Los Angeles,P0080,Home Goods,51,51.85,2644.35,222,66,5,5.19,0.41,4.61
TXN000251,2023-09-30,ST002,Los Angeles,P0011,Home Goods,36,71.91,2588.76,253,75,4,7.19,0.73,5.44
TXN000637,2023-09-30,ST008,San Diego,P0034,Home Goods,49,148.4,7271.6,250,75,2,14.84,0.19,2.71
TXN000126,2023-10-01,ST001,New York,P0025,Home Goods,48,193.96,9310.08,255,76,5,19.4,0.78,3.77
TXN000697,2023-10-01,ST009,Dallas,P0067,Sports,57,101.85,5805.45,232,69,5,10.19,0.48,5.41
TXN000129,2023-10-01,ST001,New York,P0072,Sports,35,195.19,6831.65,280,84,6,19.52,0.76,5.27
TXN000426,2023-10-02,ST006,Philadelphia,P0098,Groceries,33,68.48,2259.84,241,72,6,6.85,0.81,4.24
TXN000922,2023-10-02,ST009,Dallas,P0070,Clothing,33,104.34,3443.22,166,49,5,10.43,0.35,2.24
TXN000143,2023-10-03,ST009,Dallas,P0001,Sports,58,57.98,3362.84,205,61,2,5.8,0.61,2.49
TXN000949,2023-10-03,ST005,Phoenix,P0028,Clothing,56,45.89,2569.84,220,66,2,4.59,0.3,5.02
TXN000062,2023-10-04,ST010,San Jose,P0051,Groceries,42,43.63,1832.46,160,48,2,4.36,0.36,3.81
TXN000040,2023-10-04,ST008,San Diego,P0036,Electronics,50,90.46,4523.0,224,67,8,9.05,0.73,5.69
TXN000383,2023-10-04,ST004,Houston,P0079,Electronics,22,77.48,1704.56,268,80,5,7.75,0.11,3.74
TXN000674,2023-10-05,ST008,San Diego,P0068,Home Goods,69,63.04,4349.76,176,52,6,6.3,0.04,4.34
TXN000387,2023-10-05,ST004,Houston,P0089,Home Goods,58,58.04,3366.32,133,39,1,5.8,0.82,5.03
TXN000193,2023-10-05,ST008,San Diego,P0044,Sports,84,106.59,8953.56,253,75,6,10.66,0.69,2.24
TXN000515,2023-10-06,ST010,San Jose,P0025,Groceries,48,170.36,8177.28,171,51,3,17.04,0.04,2.42
TXN000972,2023-10-06,ST007,San Antonio,P0093,Sports,59,100.93,5954.87,200,60,5,10.09,0.37,4.23
TXN000345,2023-10-06,ST010,San Jose,P0053,Home Goods,61,38.62,2355.82,240,72,4,3.86,0.26,2.51
TXN000412,2023-10-07,ST007,San Antonio,P0002,Clothing,39,64.69,2522.91,200,60,6,6.47,0.32,3.94
TXN000631,2023-10-08,ST004,Houston,P0078,Home Goods,30,74.12,2223.6,192,57,4,7.41,0.55,3.75
TXN000780,2023-10-08,ST003,Chicago,P0032,Clothing,69,178.97,12348.93,188,56,10,17.9,0.67,4.81
TXN000181,2023-10-09,ST005,Phoenix,P0052,Sports,60,164.03,9841.8,138,41,7,16.4,0.39,4.32
TXN000895,2023-10-09,ST008,San Diego,P0012,Electronics,29,15.29,443.41,184,55,4,1.53,0.97,4.23
TXN000714,2023-10-10,ST003,Chicago,P0072,Clothing,50,12.55,627.5,240,72,6,1.26,0.06,3.41
TXN000571,2023-10-10,ST010,San Jose,P0036,Electronics,33,154.26,5090.58,254,76,3,15.43,0.51,4.2
TXN000014,2023-10-10,ST007,San Antonio,P0062,Electronics,69,173.54,11974.26,185,55,5,17.35,0.42,3.77
TXN000389,2023-10-10,ST008,San Diego,P0061,Sports,39,48.81,1903.59,244,73,4,4.88,0.6,3.24
TXN000541,2023-10-10,ST004,Houston,P0073,Electronics,44,141.65,6232.6,117,35,5,14.17,0.53,2.2
TXN000080,2023-10-10,ST004,Houston,P0026,Groceries,34,182.61,6208.74,174,52,1,18.26,0.46,5.5
TXN000676,2023-10-12,ST006,Philadelphia,P0039,Clothing,38,160.12,6084.56,203,60,6,16.01,0.8,2.92
TXN000228,2023-10-13,ST004,Houston,P0040,Electronics,51,63.93,3260.43,170,51,6,6.39,0.6,3.11
TXN000704,2023-10-13,ST001,New York,P0051,Electronics,52,66.65,3465.8,221,66,7,6.67,0.47,2.79
TXN000430,2023-10-13,ST001,New York,P0036,Groceries,35,31.69,1109.15,199,59,5,3.17,0.0,3.97
TXN000728,2023-10-14,ST005,Phoenix,P0095,Groceries,59,181.48,10707.32,194,58,5,18.15,0.1,4.49
TXN000695,2023-10-14,ST003,Chicago,P0041,Sports,27,172.63,4661.01,257,77,2,17.26,0.19,3.72
TXN000782,2023-10-15,ST007,San Antonio,P0017,Clothing,57,133.13,7588.41,221,66,4,13.31,0.86,1.92
TXN000408,2023-10-15,ST009,Dallas,P0020,Electronics,44,39.7,1746.8,259,77,3,3.97,0.67,5.33
TXN000392,2023-10-15,ST002,Los Angeles,P0065,Groceries,53,112.18,5945.54,282,84,3,11.22,0.29,3.29
TXN000190,2023-10-15,ST004,Houston,P0085,Home Goods,45,198.56,8935.2,199,59,2,19.86,0.88,5.14
TXN000149,2023-10-16,ST008,San Diego,P0089,Home Goods,59,167.1,9858.9,207,62,6,16.71,0.35,5.82
TXN000995,2023-10-16,ST007,San Antonio,P0025,Home Goods,57,166.23,9475.11,280,84,6,16.62,0.22,4.07
TXN000690,2023-10-17,ST006,Philadelphia,P0087,Home Goods,59,47.48,2801.32,172,51,6,4.75,0.41,2.93
TXN000606,2023-10-18,ST009,Dallas,P0057,Groceries,38,129.1,4905.8,201,60,6,12.91,0.82,3.38
TXN000869,2023-10-18,ST001,New York,P0038,Sports,58,96.83,5616.14,227,68,8,9.68,0.83,5.57
TXN000404,2023-10-19,ST001,New York,P0063,Sports,48,74.12,3557.76,155,46,6,7.41,0.05,3.22
TXN000099,2023-10-19,ST001,New York,P0051,Sports,46,183.95,8461.7,260,78,6,18.39,0.95,5.5
TXN000341,2023-10-19,ST003,Chicago,P0021,Clothing,52,154.07,8011.64,258,77,3,15.41,0.71,2.3
TXN000187,2023-10-19,ST002,Los Angeles,P0067,Electronics,69,132.34,9131.46,227,68,3,13.23,0.97,4.04
TXN000628,2023-10-20,ST007,San Antonio,P0063,Clothing,59,46.17,2724.03,246,73,3,4.62,0.63,3.73
TXN000360,2023-10-20,ST005,Phoenix,P0084,Groceries,24,161.68,3880.32,176,52,2,16.17,0.23,2.96
TXN000507,2023-10-20,ST003,Chicago,P0069,Sports,52,152.12,7910.24,108,32,6,15.21,0.93,4.84
TXN000145,2023-10-20,ST002,Los Angeles,P0078,Clothing,48,187.44,8997.12,148,44,5,18.74,0.04,2.0
TXN000829,2023-10-20,ST005,Phoenix,P0003,Sports,61,161.58,9856.38,208,62,7,16.16,0.25,3.74
TXN000601,2023-10-21,ST005,Phoenix,P0067,Clothing,59,86.07,5078.13,228,68,4,8.61,0.77,4.59
TXN000417,2023-10-21,ST004,Houston,P0020,Clothing,36,135.75,4887.0,164,49,7,13.58,0.02,5.73
TXN000283,2023-10-21,ST005,Phoenix,P0046,Sports,30,97.13,2913.9,209,62,7,9.71,0.48,4.18
TXN000937,2023-10-21,ST007,San Antonio,P0068,Sports,56,181.8,10180.8,287,86,4,18.18,0.79,6.51
TXN000911,2023-10-22,ST002,Los Angeles,P0096,Groceries,63,43.82,2760.66,244,73,3,4.38,0.93,4.8
TXN000365,2023-10-22,ST009,Dallas,P0099,Clothing,73,33.94,2477.62,186,55,5,3.39,0.58,2.74
TXN000971,2023-10-23,ST008,San Diego,P0088,Electronics,37,81.51,3015.87,180,54,7,8.15,0.53,4.67
TXN000660,2023-10-24,ST008,San Diego,P0077,Sports,61,178.77,10904.97,141,42,9,17.88,0.19,3.15
TXN000826,2023-10-25,ST003,Chicago,P0012,Sports,42,74.95,3147.9,166,49,5,7.5,0.98,2.8
TXN000671,2023-10-26,ST002,Los Angeles,P0015,Groceries,64,60.86,3895.04,199,59,6,6.09,0.9,3.8
TXN000356,2023-10-26,ST010,San Jose,P0075,Home Goods,37,125.3,4636.1,192,57,2,12.53,0.86,4.62
TXN000136,2023-10-27,ST007,San Antonio,P0032,Groceries,75,53.41,4005.75,221,66,2,5.34,0.68,4.56
TXN000835,2023-10-27,ST005,Phoenix,P0076,Electronics,61,127.13,7754.93,232,69,4,12.71,0.08,4.65
TXN000142,2023-10-28,ST008,San Diego,P0076,Home Goods,38,177.9,6760.2,161,48,1,17.79,0.45,3.34
TXN000204,2023-10-29,ST003,Chicago,P0042,Groceries,41,97.73,4006.93,134,40,0,9.77,0.94,3.2
TXN000784,2023-10-29,ST008,San Diego,P0007,Groceries,69,51.67,3565.23,310,93,8,5.17,0.73,3.12
TXN000552,2023-10-29,ST008,San Diego,P0077,Home Goods,43,140.57,6044.51,250,75,4,14.06,0.7,3.83
TXN000568,2023-10-29,ST008,San Diego,P0020,Clothing,20,113.83,2276.6,161,48,5,11.38,0.58,3.68
TXN000026,2023-10-29,ST009,Dallas,P0037,Sports,43,83.17,3576.31,238,71,4,8.32,0.17,4.86
TXN000453,2023-10-30,ST002,Los Angeles,P0088,Groceries,49,158.24,7753.76,191,57,1,15.82,0.69,4.43
TXN000759,2023-10-30,ST005,Phoenix,P0019,Electronics,47,103.55,4866.85,141,42,5,10.36,0.29,4.38
TXN000881,2023-10-31,ST003,Chicago,P0036,Electronics,41,163.14,6688.74,216,64,3,16.31,0.59,3.17
TXN000504,2023-10-31,ST002,Los Angeles,P0026,Sports,64,114.63,7336.32,223,66,5,11.46,0.6,3.28
TXN000955,2023-10-31,ST010,San Jose,P0073,Sports,53,11.07,586.71,240,72,5,1.11,0.04,1.72
TXN000950,2023-10-31,ST006,Philadelphia,P0037,Home Goods,46,96.7,4448.2,188,56,8,9.67,0.07,3.2
TXN000144,2023-11-01,ST005,Phoenix,P0076,Sports,55,121.22,6667.1,221,66,4,12.12,0.11,4.38
TXN000249,2023-11-01,ST004,Houston,P0069,Sports,30,56.91,1707.3,206,61,4,5.69,0.83,5.02
TXN000209,2023-11-01,ST005,Phoenix,P0003,Clothing,56,125.62,7034.72,198,59,3,12.56,0.15,3.68
TXN000411,2023-11-02,ST004,Houston,P0071,Clothing,47,103.52,4865.44,116,34,6,10.35,0.78,2.89
TXN000512,2023-11-02,ST006,Philadelphia,P0021,Home Goods,27,147.69,3987.63,159,47,5,14.77,0.32,4.14
TXN000057,2023-11-02,ST010,San Jose,P0034,Groceries,52,116.58,6062.16,257,77,4,11.66,0.13,4.97
TXN000232,2023-11-03,ST004,Houston,P0093,Sports,71,131.53,9338.63,186,55,3,13.15,0.23,4.39
TXN000979,2023-11-03,ST002,Los Angeles,P0006,Sports,38,146.51,5567.38,173,51,4,14.65,0.71,5.54
TXN000855,2023-11-03,ST009,Dallas,P0003,Home Goods,33,194.72,6425.76,151,45,5,19.47,0.0,3.3
TXN000267,2023-11-03,ST004,Houston,P0100,Clothing,62,81.69,5064.78,193,57,4,8.17,0.39,5.98
TXN000510,2023-11-03,ST002,Los Angeles,P0006,Sports,43,57.28,2463.04,199,59,1,5.73,0.14,3.34
TXN000059,2023-11-04,ST002,Los Angeles,P0030,Groceries,19,182.99,3476.81,298,89,5,18.3,0.7,2.12
TXN000836,2023-11-04,ST010,San Jose,P0063,Groceries,55,49.15,2703.25,162,48,3,4.92,0.83,3.9
TXN000486,2023-11-04,ST002,Los Angeles,P0035,Clothing,48,150.2,7209.6,135,40,4,15.02,0.48,2.9
TXN000521,2023-11-04,ST005,Phoenix,P0075,Clothing,35,68.84,2409.4,215,64,6,6.88,0.3,5.13
TXN000147,2023-11-04,ST006,Philadelphia,P0084,Sports,35,137.95,4828.25,232,69,3,13.79,0.87,5.91
TXN000083,2023-11-05,ST003,Chicago,P0040,Sports,66,10.88,718.08,170,51,2,1.09,0.54,2.35
TXN000298,2023-11-06,ST006,Philadelphia,P0100,Sports,76,24.91,1893.16,248,74,8,2.49,0.17,4.38
TXN000518,2023-11-06,ST003,Chicago,P0058,Groceries,35,42.66,1493.1,190,57,2,4.27,0.06,4.17
TXN000476,2023-11-06,ST009,Dallas,P0038,Groceries,10,175.14,1751.4,130,39,0,17.51,0.41,6.13
TXN000580,2023-11-06,ST007,San Antonio,P0047,Sports,46,107.0,4922.0,138,41,4,10.7,0.34,2.91
TXN000323,2023-11-07,ST004,Houston,P0092,Electronics,61,31.26,1906.86,192,57,7,3.13,0.94,4.09
TXN000048,2023-11-08,ST009,Dallas,P0063,Home Goods,11,162.4,1786.4,257,77,5,16.24,0.32,4.39
TXN000928,2023-11-08,ST004,Houston,P0033,Sports,47,105.28,4948.16,264,79,0,10.53,0.26,5.11
TXN000893,2023-11-08,ST006,Philadelphia,P0089,Home Goods,43,43.18,1856.74,139,41,4,4.32,0.6,4.8
TXN000100,2023-11-08,ST007,San Antonio,P0024,Sports,59,19.77,1166.43,124,37,10,1.98,0.33,3.9
TXN000306,2023-11-09,ST008,San Diego,P0022,Groceries,40,128.73,5149.2,238,71,7,12.87,0.91,4.26
TXN000496,2023-11-09,ST001,New York,P0017,Sports,49,33.42,1637.58,189,56,5,3.34,0.16,3.79
TXN000277,2023-11-09,ST007,San Antonio,P0058,Home Goods,64,195.1,12486.4,132,39,5,19.51,0.78,4.24
TXN000692,2023-11-09,ST004,Houston,P0021,Clothing,64,107.75,6896.0,243,72,6,10.78,0.31,3.52
TXN000650,2023-11-10,ST005,Phoenix,P0023,Electronics,51,61.08,3115.08,146,43,5,6.11,0.54,3.58
TXN000701,2023-11-10,ST010,San Jose,P0077,Home Goods,20,155.6,3112.0,186,55,1,15.56,0.81,3.98
TXN000403,2023-11-11,ST004,Houston,P0002,Clothing,86,152.78,13139.08,265,79,5,15.28,0.19,2.89
TXN000892,2023-11-11,ST010,San Jose,P0059,Groceries,56,187.31,10489.36,178,53,0,18.73,0.01,4.67
TXN000175,2023-11-12,ST004,Houston,P0018,Sports,50,79.31,3965.5,188,56,7,7.93,0.19,1.98
TXN000216,2023-11-12,ST008,San Diego,P0082,Clothing,64,70.18,4491.52,232,69,4,7.02,0.18,3.6
TXN000484,2023-11-12,ST006,Philadelphia,P0063,Electronics,22,176.42,3881.24,138,41,4,17.64,0.33,4.92
TXN000025,2023-11-13,ST001,New York,P0069,Home Goods,91,156.03,14198.73,198,59,1,15.6,0.88,3.76
TXN000296,2023-11-13,ST007,San Antonio,P0038,Sports,64,19.86,1271.04,191,57,3,1.99,0.73,3.03
TXN000688,2023-11-13,ST010,San Jose,P0096,Groceries,70,150.5,10535.0,184,55,1,15.05,0.32,3.19
TXN000295,2023-11-14,ST005,Phoenix,P0095,Sports,86,21.65,1861.9,242,72,7,2.17,0.2,3.16
TXN000087,2023-11-14,ST003,Chicago,P0056,Groceries,41,16.94,694.54,172,51,10,1.69,0.07,2.89
TXN000308,2023-11-14,ST005,Phoenix,P0059,Electronics,46,138.73,6381.58,169,50,5,13.87,0.78,3.96
TXN000609,2023-11-15,ST002,Los Angeles,P0015,Home Goods,36,155.0,5580.0,142,42,4,15.5,0.42,5.23
TXN000767,2023-11-15,ST007,San Antonio,P0078,Groceries,41,131.32,5384.12,198,59,3,13.13,0.73,4.27
TXN000749,2023-11-16,ST002,Los Angeles,P0001,Groceries,41,14.38,589.58,170,51,4,1.44,0.23,4.22
TXN000655,2023-11-16,ST003,Chicago,P0082,Sports,59,82.89,4890.51,199,59,8,8.29,0.6,3.41
TXN000431,2023-11-16,ST005,Phoenix,P0064,Home Goods,56,38.77,2171.12,206,61,9,3.88,0.58,3.46
TXN000168,2023-11-17,ST005,Phoenix,P0084,Home Goods,51,128.48,6552.48,261,78,5,12.85,0.13,3.69
TXN000337,2023-11-18,ST001,New York,P0045,Clothing,54,53.99,2915.46,200,60,3,5.4,0.73,3.91
TXN000973,2023-11-18,ST005,Phoenix,P0039,Clothing,40,175.38,7015.2,123,36,7,17.54,0.12,2.32
TXN000772,2023-11-18,ST009,Dallas,P0019,Sports,45,155.33,6989.85,258,77,3,15.53,0.97,3.04
TXN000970,2023-11-18,ST008,San Diego,P0019,Sports,54,64.37,3475.98,163,48,4,6.44,0.02,3.66
TXN000027,2023-11-19,ST009,Dallas,P0095,Clothing,36,126.85,4566.6,207,62,7,12.69,0.74,4.05
TXN000734,2023-11-21,ST002,Los Angeles,P0078,Clothing,53,92.0,4876.0,171,51,4,9.2,0.1,4.15
TXN000948,2023-11-23,ST002,Los Angeles,P0016,Sports,51,120.77,6159.27,239,71,6,12.08,0.78,3.88
TXN000443,2023-11-23,ST009,Dallas,P0060,Sports,52,132.66,6898.32,133,39,4,13.27,0.08,4.82
TXN000706,2023-11-24,ST006,Philadelphia,P0020,Electronics,29,99.79,2893.91,142,42,3,9.98,0.85,5.18
TXN000207,2023-11-25,ST009,Dallas,P0077,Home Goods,42,21.9,919.8,199,59,0,2.19,0.35,4.88
TXN000657,2023-11-25,ST010,San Jose,P0024,Groceries,52,172.36,8962.72,204,61,4,17.24,0.78,4.14
TXN000774,2023-11-26,ST001,New York,P0060,Electronics,40,177.67,7106.8,221,66,2,17.77,0.46,4.22
TXN000060,2023-11-26,ST004,Houston,P0010,Electronics,51,76.01,3876.51,175,52,5,7.6,0.34,2.63
TXN000316,2023-11-26,ST006,Philadelphia,P0048,Electronics,49,27.6,1352.4,191,57,5,2.76,0.43,4.19
TXN000137,2023-11-28,ST006,Philadelphia,P0063,Electronics,66,129.47,8545.02,186,55,6,12.95,0.5,4.77
TXN000550,2023-11-28,ST010,San Jose,P0051,Groceries,27,58.26,1573.02,195,58,3,5.83,0.76,4.93
TXN000962,2023-11-28,ST006,Philadelphia,P0090,Clothing,70,167.08,11695.6,265,79,5,16.71,0.7,3.02
TXN000284,2023-11-29,ST001,New York,P0081,Groceries,14,135.23,1893.22,229,68,5,13.52,0.5,3.18
TXN000483,2023-11-30,ST004,Houston,P0029,Sports,43,191.27,8224.61,242,72,5,19.13,0.18,2.88
TXN000622,2023-11-30,ST005,Phoenix,P0004,Home Goods,28,117.64,3293.92,188,56,2,11.76,0.46,5.01
TXN000831,2023-11-30,ST007,San Antonio,P0054,Clothing,33,178.28,5883.24,199,59,2,17.83,0.03,4.45
TXN000935,2023-12-01,ST002,Los Angeles,P0033,Sports,66,13.39,883.74,273,81,3,1.34,0.03,4.09
TXN000967,2023-12-01,ST007,San Antonio,P0061,Electronics,49,49.02,2401.98,268,80,6,4.9,0.25,5.06
TXN000244,2023-12-01,ST003,Chicago,P0028,Home Goods,44,179.03,7877.32,211,63,4,17.9,0.53,3.65
TXN000199,2023-12-02,ST003,Chicago,P0088,Sports,61,20.03,1221.83,150,45,10,2.0,0.6,3.66
TXN000502,2023-12-02,ST007,San Antonio,P0092,Home Goods,32,31.44,1006.08,232,69,4,3.14,0.03,6.52
TXN000814,2023-12-02,ST003,Chicago,P0097,Clothing,81,195.45,15831.45,130,39,6,19.55,0.08,4.07
TXN000745,2023-12-03,ST005,Phoenix,P0080,Groceries,54,57.48,3103.92,233,69,5,5.75,0.57,3.58
TXN000968,2023-12-03,ST007,San Antonio,P0027,Electronics,34,41.38,1406.92,251,75,4,4.14,0.28,4.77
TXN000256,2023-12-03,ST009,Dallas,P0072,Home Goods,29,55.67,1614.43,248,74,2,5.57,0.03,3.15
TXN000966,2023-12-03,ST002,Los Angeles,P0040,Clothing,38,183.8,6984.4,223,66,7,18.38,0.23,4.1
TXN000856,2023-12-03,ST005,Phoenix,P0060,Sports,57,145.39,8287.23,146,43,2,14.54,0.25,5.16
TXN000680,2023-12-03,ST003,Chicago,P0037,Sports,70,13.28,929.6,218,65,7,1.33,0.47,4.16
TXN000761,2023-12-04,ST004,Houston,P0003,Groceries,76,98.32,7472.32,151,45,3,9.83,0.19,6.11
TXN000265,2023-12-04,ST007,San Antonio,P0031,Clothing,58,61.59,3572.22,240,72,3,6.16,0.19,3.79
TXN000449,2023-12-04,ST007,San Antonio,P0056,Groceries,40,149.0,5960.0,241,72,5,14.9,0.07,1.71
TXN000007,2023-12-04,ST008,San Diego,P0085,Sports,85,193.4,16439.0,253,75,1,19.34,0.3,4.72
TXN000335,2023-12-05,ST009,Dallas,P0071,Sports,44,102.03,4489.32,260,78,4,10.2,0.65,3.8
TXN000304,2023-12-05,ST008,San Diego,P0059,Sports,54,112.74,6087.96,292,87,1,11.27,0.48,3.35
TXN000303,2023-12-05,ST004,Houston,P0018,Electronics,44,161.53,7107.32,214,64,7,16.15,0.1,4.36
TXN000442,2023-12-06,ST003,Chicago,P0067,Clothing,46,14.9,685.4,199,59,7,1.49,0.99,6.75
TXN000422,2023-12-06,ST001,New York,P0066,Sports,32,35.31,1129.92,256,76,3,3.53,0.58,4.33
TXN000058,2023-12-07,ST007,San Antonio,P0079,Sports,67,181.6,12167.2,226,67,5,18.16,0.61,4.05
TXN000321,2023-12-07,ST009,Dallas,P0082,Groceries,64,131.21,8397.44,188,56,4,13.12,0.54,5.27
TXN000497,2023-12-07,ST008,San Diego,P0058,Groceries,65,115.26,7491.9,206,61,2,11.53,0.17,4.16
TXN000211,2023-12-07,ST002,Los Angeles,P0065,Clothing,56,51.06,2859.36,155,46,8,5.11,0.29,3.74
TXN000532,2023-12-08,ST003,Chicago,P0086,Electronics,35,15.78,552.3,191,57,6,1.58,0.22,4.38
TXN000763,2023-12-08,ST009,Dallas,P0038,Home Goods,72,66.63,4797.36,243,72,2,6.66,0.93,3.55
TXN000353,2023-12-09,ST005,Phoenix,P0044,Sports,66,133.24,8793.84,253,75,3,13.32,0.64,3.51
TXN000297,2023-12-09,ST004,Houston,P0041,Sports,62,165.43,10256.66,211,63,3,16.54,0.13,3.08
TXN000266,2023-12-09,ST010,San Jose,P0018,Electronics,35,74.67,2613.45,321,96,5,7.47,0.87,2.95
TXN000008,2023-12-10,ST001,New York,P0089,Electronics,26,12.68,329.68,160,48,6,1.27,0.79,3.09
TXN000002,2023-12-10,ST006,Philadelphia,P0053,Clothing,42,44.55,1871.1,227,68,3,4.46,0.52,3.08
TXN000809,2023-12-10,ST005,Phoenix,P0003,Clothing,43,194.88,8379.84,246,73,3,19.49,0.71,3.89
TXN000947,2023-12-11,ST005,Phoenix,P0087,Home Goods,46,21.27,978.42,205,61,6,2.13,0.64,3.69
TXN000192,2023-12-11,ST006,Philadelphia,P0022,Groceries,48,147.94,7101.12,195,58,3,14.79,0.51,4.59
TXN000368,2023-12-11,ST005,Phoenix,P0062,Home Goods,87,121.9,10605.3,313,93,6,12.19,0.6,5.37
TXN000019,2023-12-12,ST003,Chicago,P0020,Home Goods,26,132.58,3447.08,203,60,6,13.26,0.39,3.09
TXN000343,2023-12-12,ST010,San Jose,P0002,Clothing,58,91.91,5330.78,196,58,8,9.19,0.64,6.42
TXN000414,2023-12-12,ST008,San Diego,P0073,Home Goods,33,114.15,3766.95,295,88,3,11.42,0.66,3.13
TXN000750,2023-12-12,ST001,New York,P0100,Sports,29,144.51,4190.79,261,78,1,14.45,0.65,4.38
TXN000084,2023-12-13,ST006,Philadelphia,P0002,Clothing,27,95.96,2590.92,186,55,4,9.6,0.5,3.73
TXN000188,2023-12-13,ST005,Phoenix,P0036,Home Goods,50,120.66,6033.0,213,63,6,12.07,0.66,4.59
TXN000841,2023-12-14,ST002,Los Angeles,P0092,Electronics,47,21.94,1031.18,255,76,8,2.19,0.61,3.75
TXN000786,2023-12-14,ST005,Phoenix,P0031,Home Goods,43,13.97,600.71,232,69,4,1.4,0.23,3.08
TXN000051,2023-12-14,ST005,Phoenix,P0008,Clothing,31,53.59,1661.29,279,83,3,5.36,0.26,2.66
TXN000633,2023-12-15,ST002,Los Angeles,P0073,Clothing,83,134.02,11123.66,259,77,3,13.4,0.84,2.67
TXN000127,2023-12-15,ST002,Los Angeles,P0071,Groceries,52,161.34,8389.68,235,70,2,16.13,0.13,3.95
TXN000559,2023-12-16,ST002,Los Angeles,P0028,Clothing,31,183.03,5673.93,243,72,2,18.3,0.74,3.82
TXN000157,2023-12-16,ST004,Houston,P0090,Electronics,58,44.47,2579.26,151,45,8,4.45,0.11,4.22
TXN000031,2023-12-16,ST005,Phoenix,P0068,Sports,82,147.96,12132.72,231,69,5,14.8,0.32,4.44
TXN000798,2023-12-17,ST004,Houston,P0097,Home Goods,40,166.14,6645.6,224,67,6,16.61,0.34,5.41
TXN000914,2023-12-18,ST006,Philadelphia,P0005,Home Goods,48,16.6,796.8,177,53,5,1.66,0.87,3.14
TXN000940,2023-12-18,ST005,Phoenix,P0005,Sports,55,142.1,7815.5,139,41,7,14.21,0.88,2.95
TXN000712,2023-12-18,ST009,Dallas,P0099,Home Goods,65,110.18,7161.7,198,59,4,11.02,0.49,4.78
TXN000452,2023-12-18,ST007,San Antonio,P0043,Groceries,67,119.36,7997.12,113,33,4,11.94,0.55,2.76
TXN000581,2023-12-19,ST002,Los Angeles,P0048,Groceries,61,30.34,1850.74,168,50,5,3.03,0.38,4.09
TXN000787,2023-12-19,ST005,Phoenix,P0059,Home Goods,41,129.9,5325.9,210,63,5,12.99,0.72,4.61
TXN000722,2023-12-19,ST008,San Diego,P0096,Sports,65,55.46,3604.9,134,40,6,5.55,0.58,3.43
TXN000832,2023-12-19,ST001,New York,P0009,Sports,41,14.78,605.98,168,50,6,1.48,0.8,4.6
TXN000118,2023-12-19,ST003,Chicago,P0080,Home Goods,46,73.46,3379.16,186,55,5,7.35,0.19,3.37
TXN001000,2023-12-20,ST003,Chicago,P0016,Home Goods,46,10.59,487.14,184,55,3,1.06,0.47,3.67
TXN000195,2023-12-20,ST003,Chicago,P0096,Clothing,53,149.28,7911.84,129,38,2,14.93,0.36,4.44
TXN000509,2023-12-20,ST007,San Antonio,P0004,Clothing,71,194.27,13793.17,125,37,5,19.43,0.76,4.19
TXN000642,2023-12-20,ST010,San Jose,P0073,Electronics,52,22.33,1161.16,219,65,1,2.23,0.47,3.79
TXN000331,2023-12-20,ST010,San Jose,P0065,Sports,65,129.97,8448.05,187,56,2,13.0,0.61,4.09
TXN000482,2023-12-20,ST003,Chicago,P0030,Clothing,54,101.81,5497.74,198,59,5,10.18,0.99,2.37
TXN000260,2023-12-21,ST004,Houston,P0030,Groceries,81,119.64,9690.84,239,71,3,11.96,0.84,4.34
TXN000378,2023-12-21,ST003,Chicago,P0058,Home Goods,43,171.41,7370.63,158,47,5,17.14,0.94,4.03
TXN000582,2023-12-21,ST007,San Antonio,P0014,Home Goods,36,95.36,3432.96,208,62,6,9.54,0.47,2.66
TXN000742,2023-12-22,ST007,San Antonio,P0058,Home Goods,31,149.02,4619.62,177,53,5,14.9,0.51,3.88
TXN000599,2023-12-22,ST005,Phoenix,P0045,Groceries,55,17.9,984.5,250,75,3,1.79,0.7,3.73
TXN000534,2023-12-22,ST002,Los Angeles,P0078,Home Goods,47,165.9,7797.3,166,49,4,16.59,0.33,3.8
TXN000662,2023-12-23,ST001,New York,P0065,Sports,48,154.59,7420.32,200,60,3,15.46,0.05,5.4
TXN000242,2023-12-23,ST003,Chicago,P0065,Sports,52,75.2,3910.4,148,44,6,7.52,0.85,5.29
TXN000055,2023-12-24,ST001,New York,P0069,Sports,52,147.96,7693.92,240,72,3,14.8,0.24,5.36
TXN000427,2023-12-25,ST004,Houston,P0047,Groceries,29,143.33,4156.57,192,57,0,14.33,0.91,4.81
TXN000133,2023-12-25,ST006,Philadelphia,P0009,Electronics,26,187.69,4879.94,243,72,5,18.77,0.78,4.52
TXN000109,2023-12-25,ST010,San Jose,P0030,Electronics,76,10.64,808.64,208,62,1,1.06,0.85,3.7
TXN000458,2023-12-26,ST001,New York,P0034,Home Goods,37,115.48,4272.76,146,43,1,11.55,0.62,5.86
TXN000630,2023-12-26,ST004,Houston,P0083,Home Goods,74,153.82,11382.68,215,64,2,15.38,0.8,4.36
TXN000229,2023-12-27,ST004,Houston,P0092,Clothing,32,197.92,6333.44,136,40,6,19.79,0.84,6.25
TXN000982,2023-12-27,ST006,Philadelphia,P0078,Sports,47,30.23,1420.81,227,68,8,3.02,0.22,3.95
TXN000282,2023-12-27,ST005,Phoenix,P0084,Home Goods,33,192.01,6336.33,192,57,1,19.2,0.5,4.18
TXN000097,2023-12-28,ST006,Philadelphia,P0076,Sports,43,60.63,2607.09,167,50,3,6.06,0.63,4.84
TXN000247,2023-12-29,ST004,Houston,P0026,Groceries,33,14.44,476.52,181,54,4,1.44,0.29,5.6
TXN000220,2023-12-30,ST002,Los Angeles,P0047,Home Goods,33,165.66,5466.78,158,47,5,16.57,0.24,5.04
TXN000785,2023-12-30,ST003,Chicago,P0028,Electronics,41,162.13,6647.33,159,47,8,16.21,0.32,3.47
TXN000206,2023-12-30,ST009,Dallas,P0036,Sports,35,159.55,5584.25,152,45,4,15.96,0.43,4.25
TXN000629,2023-12-30,ST002,Los Angeles,P0004,Clothing,69,183.15,12637.35,106,31,2,18.32,0.38,4.21
TXN000065,2023-12-31,ST007,San Antonio,P0078,Clothing,56,170.44,9544.64,160,48,4,17.04,0.4,4.9
TXN000777,2023-12-31,ST006,Philadelphia,P0090,Clothing,42,87.4,3670.8,207,62,6,8.74,0.05,4.12
TXN000068,2023-12-31,ST002,Los Angeles,P0059,Groceries,57,11.43,651.51,190,57,3,1.14,0.49,2.74
TXN000888,2023-12-31,ST008,San Diego,P0027,Clothing,50,121.0,6050.0,170,51,7,12.1,0.24,4.23
TXN010811,2023-12-31,ST108,Leo,P0108,Dum,90,121.0,6090.0,180,94,9,99.1,0.99,9.99
